ticket_id,customer_id,priority,status,created
T00001,C0407,Low,Open,2025-05-16
T00002,C0121,Low,In Progress,2025-06-07
T00003,C0131,Medium,Closed,2025-04-02
T00004,C0385,High,Open,2025-03-01
T00005,C0327,Medium,Closed,2025-05-09
T00006,C0085,Low,In Progress,2025-01-31
T00007,C0472,Medium,Open,2025-02-14
T00008,C0459,High,Closed,2025-06-04
T00009,C0396,High,In Progress,2025-01-25
T00010,C0449,Medium,In Progress,2025-03-26
T00011,C0206,Medium,Open,2025-02-04
T00012,C0061,Low,Closed,2025-05-06
T00013,C0439,Low,Open,2025-05-20
T00014,C0072,High,Open,2025-03-07
T00015,C0312,Low,Closed,2025-05-10
T00016,C0338,High,Closed,2025-02-13
T00017,C0165,High,In Progress,2025-01-08
T00018,C0015,High,Closed,2025-01-13
T00019,C0235,Medium,Closed,2025-04-05
T00020,C0100,Medium,Open,2025-04-10
T00021,C0478,High,In Progress,2025-04-12
T00022,C0172,Medium,Open,2025-01-10
T00023,C0444,High,In Progress,2025-01-22
T00024,C0292,High,In Progress,2025-02-01
T00025,C0186,Medium,In Progress,2025-06-23
T00026,C0487,Low,In Progress,2025-05-17
T00027,C0268,Medium,Open,2025-05-18
T00028,C0071,Low,Closed,2025-01-24
T00029,C0493,Low,Closed,2025-04-06
T00030,C0330,High,Closed,2025-05-02
T00031,C0100,High,Open,2025-04-29
T00032,C0360,Low,In Progress,2025-03-25
T00033,C0200,Medium,In Progress,2025-02-03
T00034,C0199,Low,Closed,2025-01-21
T00035,C0386,Low,In Progress,2025-03-01
T00036,C0391,Low,Open,2025-01-01
T00037,C0163,High,Open,2025-02-20
T00038,C0388,Medium,Closed,2025-04-22
T00039,C0410,High,Closed,2025-01-20
T00040,C0420,Low,Closed,2025-03-03
T00041,C0480,Medium,Closed,2025-03-25
T00042,C0240,Medium,Open,2025-06-22
T00043,C0022,High,In Progress,2025-05-14
T00044,C0240,High,Closed,2025-05-27
T00045,C0145,Medium,In Progress,2025-06-19
T00046,C0137,High,Open,2025-02-13
T00047,C0369,Medium,Closed,2025-01-24
T00048,C0252,Medium,Open,2025-03-24
T00049,C0471,Medium,In Progress,2025-03-29
T00050,C0057,Low,In Progress,2025-02-14
T00051,C0424,High,Closed,2025-06-24
T00052,C0292,Medium,Closed,2025-03-07
T00053,C0432,Low,In Progress,2025-04-26
T00054,C0195,Medium,Open,2025-02-06
T00055,C0086,High,Open,2025-02-26
T00056,C0440,High,In Progress,2025-03-24
T00057,C0167,High,In Progress,2025-01-12
T00058,C0137,Low,Open,2025-05-04
T00059,C0466,High,Closed,2025-02-20
T00060,C0031,Low,Closed,2025-05-26
T00061,C0365,Low,Closed,2025-04-18
T00062,C0173,Medium,Closed,2025-06-19
T00063,C0057,Low,In Progress,2025-04-30
T00064,C0302,Medium,Open,2025-01-09
T00065,C0231,High,In Progress,2025-05-24
T00066,C0127,Low,In Progress,2025-02-17
T00067,C0183,Medium,In Progress,2025-04-15
T00068,C0356,High,Open,2025-02-01
T00069,C0083,Low,In Progress,2025-05-03
T00070,C0039,Low,Closed,2025-03-22
T00071,C0498,High,In Progress,2025-01-08
T00072,C0215,Low,Open,2025-06-15
T00073,C0387,High,Open,2025-01-27
T00074,C0166,Low,In Progress,2025-02-25
T00075,C0101,Medium,Open,2025-05-08
T00076,C0189,Medium,Closed,2025-03-31
T00077,C0485,High,In Progress,2025-03-23
T00078,C0334,Low,In Progress,2025-03-18
T00079,C0019,High,Open,2025-04-28
T00080,C0022,High,Closed,2025-03-06
T00081,C0008,Low,Closed,2025-01-17
T00082,C0074,Low,Open,2025-04-24
T00083,C0074,Low,Open,2025-06-29
T00084,C0263,Medium,In Progress,2025-03-05
T00085,C0055,Medium,Closed,2025-06-26
T00086,C0137,High,Closed,2025-06-17
T00087,C0144,High,Closed,2025-04-21
T00088,C0214,Low,In Progress,2025-06-23
T00089,C0347,Low,Closed,2025-01-09
T00090,C0415,Low,In Progress,2025-04-16
T00091,C0360,High,Closed,2025-04-14
T00092,C0179,High,Open,2025-03-05
T00093,C0136,High,Closed,2025-03-01
T00094,C0171,High,In Progress,2025-02-19
T00095,C0337,Low,Closed,2025-06-09
T00096,C0461,Low,In Progress,2025-05-29
T00097,C0349,High,In Progress,2025-04-04
T00098,C0322,Low,Closed,2025-06-26
T00099,C0485,High,Open,2025-01-12
T00100,C0269,Low,In Progress,2025-04-13
T00101,C0363,Low,In Progress,2025-02-19
T00102,C0381,Medium,In Progress,2025-05-19
T00103,C0069,Medium,Closed,2025-02-15
T00104,C0357,High,Open,2025-06-05
T00105,C0478,Medium,Open,2025-03-13
T00106,C0318,High,In Progress,2025-04-26
T00107,C0356,High,In Progress,2025-06-30
T00108,C0339,High,Closed,2025-05-07
T00109,C0067,Low,Open,2025-02-06
T00110,C0201,High,Closed,2025-05-17
T00111,C0431,Medium,Open,2025-04-02
T00112,C0359,Low,In Progress,2025-05-21
T00113,C0224,High,Open,2025-06-04
T00114,C0452,Low,In Progress,2025-06-27
T00115,C0079,Medium,Open,2025-06-21
T00116,C0143,Medium,In Progress,2025-05-04
T00117,C0433,High,Open,2025-03-16
T00118,C0122,Low,In Progress,2025-03-08
T00119,C0189,High,Closed,2025-04-21
T00120,C0468,Low,In Progress,2025-02-10
T00121,C0126,Low,Closed,2025-01-08
T00122,C0410,Medium,Open,2025-06-07
T00123,C0036,Low,Closed,2025-01-03
T00124,C0393,Low,In Progress,2025-01-26
T00125,C0150,High,In Progress,2025-05-15
T00126,C0440,Low,In Progress,2025-06-30
T00127,C0196,High,Open,2025-03-23
T00128,C0139,Medium,Closed,2025-05-22
T00129,C0229,High,Closed,2025-03-20
T00130,C0261,Low,Closed,2025-01-19
T00131,C0364,Medium,In Progress,2025-01-23
T00132,C0455,Low,In Progress,2025-05-12
T00133,C0264,Medium,Open,2025-04-07
T00134,C0293,Low,Open,2025-01-19
T00135,C0258,High,Open,2025-03-15
T00136,C0095,Medium,In Progress,2025-04-10
T00137,C0044,Medium,In Progress,2025-03-09
T00138,C0335,Medium,In Progress,2025-06-15
T00139,C0467,Low,Open,2025-03-05
T00140,C0352,High,Open,2025-04-12
T00141,C0486,Medium,Closed,2025-06-23
T00142,C0079,Medium,Open,2025-06-16
T00143,C0074,Medium,In Progress,2025-03-13
T00144,C0178,Medium,Open,2025-05-03
T00145,C0320,Low,Open,2025-03-31
T00146,C0250,High,Open,2025-06-10
T00147,C0435,High,Open,2025-04-29
T00148,C0079,Low,In Progress,2025-06-02
T00149,C0426,High,In Progress,2025-03-02
T00150,C0048,Medium,In Progress,2025-04-29
T00151,C0261,Low,Open,2025-04-11
T00152,C0257,High,Open,2025-01-14
T00153,C0090,High,Open,2025-05-19
T00154,C0064,Low,In Progress,2025-05-31
T00155,C0255,Medium,Closed,2025-04-24
T00156,C0064,High,Open,2025-03-31
T00157,C0284,High,Closed,2025-02-10
T00158,C0350,High,Open,2025-05-30
T00159,C0144,Low,Closed,2025-01-15
T00160,C0256,Low,In Progress,2025-04-14
T00161,C0241,High,In Progress,2025-03-20
T00162,C0222,High,In Progress,2025-01-09
T00163,C0153,High,In Progress,2025-03-25
T00164,C0270,Low,Open,2025-02-03
T00165,C0424,Medium,Closed,2025-02-11
T00166,C0150,Low,Open,2025-01-03
T00167,C0494,Low,In Progress,2025-02-01
T00168,C0208,Medium,Open,2025-05-28
T00169,C0198,Medium,Closed,2025-04-14
T00170,C0268,High,Open,2025-02-26
T00171,C0101,Medium,In Progress,2025-05-23
T00172,C0406,High,In Progress,2025-04-11
T00173,C0048,Low,Closed,2025-05-06
T00174,C0031,High,In Progress,2025-05-31
T00175,C0400,Medium,Open,2025-02-25
T00176,C0087,Medium,Closed,2025-04-23
T00177,C0341,Medium,Closed,2025-02-22
T00178,C0009,High,In Progress,2025-01-18
T00179,C0221,High,In Progress,2025-02-17
T00180,C0033,High,In Progress,2025-06-11
T00181,C0306,High,In Progress,2025-05-11
T00182,C0477,High,Open,2025-05-29
T00183,C0352,Medium,Closed,2025-06-06
T00184,C0010,Low,Closed,2025-06-04
T00185,C0324,High,Closed,2025-01-04
T00186,C0167,Low,Closed,2025-02-21
T00187,C0017,High,Closed,2025-06-12
T00188,C0393,Low,Closed,2025-06-06
T00189,C0332,Medium,In Progress,2025-02-14
T00190,C0444,High,Closed,2025-04-21
T00191,C0489,Medium,Open,2025-05-20
T00192,C0361,Medium,Open,2025-02-27
T00193,C0195,Medium,In Progress,2025-06-30
T00194,C0452,Medium,Closed,2025-02-22
T00195,C0178,Medium,In Progress,2025-01-07
T00196,C0158,Medium,Open,2025-06-23
T00197,C0384,Low,In Progress,2025-02-08
T00198,C0373,Low,Open,2025-03-29
T00199,C0041,Medium,Open,2025-06-28
T00200,C0499,Medium,In Progress,2025-05-07
T00201,C0322,High,Open,2025-01-22
T00202,C0074,Medium,Closed,2025-04-26
T00203,C0128,High,Open,2025-04-15
T00204,C0147,Low,Open,2025-01-12
T00205,C0192,Low,Open,2025-02-23
T00206,C0086,Medium,Closed,2025-06-19
T00207,C0478,Low,Closed,2025-04-06
T00208,C0092,Medium,Open,2025-02-05
T00209,C0321,Low,Closed,2025-02-26
T00210,C0074,Low,Closed,2025-03-31
T00211,C0264,Medium,Closed,2025-06-16
T00212,C0201,High,In Progress,2025-06-12
T00213,C0300,High,Open,2025-05-26
T00214,C0191,High,Open,2025-03-17
T00215,C0178,High,Closed,2025-01-25
T00216,C0093,High,In Progress,2025-05-21
T00217,C0476,High,In Progress,2025-02-20
T00218,C0411,Low,Closed,2025-02-26
T00219,C0274,Medium,In Progress,2025-05-07
T00220,C0339,High,In Progress,2025-05-05
T00221,C0378,High,Open,2025-03-19
T00222,C0407,Medium,Open,2025-04-17
T00223,C0370,Medium,Open,2025-01-07
T00224,C0072,High,Open,2025-04-01
T00225,C0247,Medium,In Progress,2025-05-17
T00226,C0068,High,Closed,2025-03-14
T00227,C0402,High,In Progress,2025-01-01
T00228,C0025,Medium,Open,2025-04-20
T00229,C0422,Medium,Open,2025-06-02
T00230,C0318,Medium,Open,2025-05-20
T00231,C0060,High,Open,2025-03-06
T00232,C0224,Medium,In Progress,2025-03-06
T00233,C0111,Low,In Progress,2025-01-23
T00234,C0273,Medium,In Progress,2025-06-26
T00235,C0462,Low,Open,2025-04-06
T00236,C0211,Medium,In Progress,2025-01-22
T00237,C0392,High,In Progress,2025-01-25
T00238,C0123,Medium,Closed,2025-03-31
T00239,C0056,Low,Open,2025-04-05
T00240,C0374,Medium,Closed,2025-05-12
T00241,C0445,Low,Open,2025-02-10
T00242,C0135,High,Open,2025-05-27
T00243,C0134,Low,Closed,2025-03-31
T00244,C0402,Medium,Closed,2025-02-22
T00245,C0427,Low,Closed,2025-03-08
T00246,C0367,Low,Closed,2025-04-01
T00247,C0017,Medium,In Progress,2025-01-21
T00248,C0255,Medium,Open,2025-06-14
T00249,C0398,Medium,Closed,2025-03-08
T00250,C0367,Medium,In Progress,2025-05-20
T00251,C0287,Medium,Closed,2025-01-19
T00252,C0055,High,Open,2025-04-27
T00253,C0296,Medium,In Progress,2025-06-07
T00254,C0083,Low,Closed,2025-06-01
T00255,C0084,High,In Progress,2025-02-09
T00256,C0299,High,In Progress,2025-04-02
T00257,C0312,High,Open,2025-05-30
T00258,C0230,Low,Open,2025-01-18
T00259,C0002,Low,Closed,2025-02-21
T00260,C0057,Medium,Closed,2025-06-13
T00261,C0464,High,Closed,2025-02-07
T00262,C0317,High,Closed,2025-06-06
T00263,C0039,Medium,In Progress,2025-04-15
T00264,C0214,High,Closed,2025-06-06
T00265,C0044,Medium,Open,2025-03-22
T00266,C0328,Medium,In Progress,2025-04-21
T00267,C0104,High,In Progress,2025-02-06
T00268,C0112,Medium,Open,2025-04-13
T00269,C0485,Medium,Open,2025-02-19
T00270,C0043,Low,Closed,2025-01-14
T00271,C0053,High,Closed,2025-04-03
T00272,C0433,Medium,Open,2025-06-10
T00273,C0417,Medium,In Progress,2025-06-12
T00274,C0091,High,In Progress,2025-02-26
T00275,C0356,Medium,In Progress,2025-06-26
T00276,C0266,Low,Open,2025-04-02
T00277,C0025,Medium,Closed,2025-06-14
T00278,C0033,Low,Open,2025-01-17
T00279,C0060,Low,Closed,2025-01-29
T00280,C0457,Medium,In Progress,2025-06-28
T00281,C0162,High,In Progress,2025-05-22
T00282,C0224,High,Open,2025-04-17
T00283,C0017,Low,In Progress,2025-02-14
T00284,C0157,Medium,In Progress,2025-03-21
T00285,C0012,Low,Closed,2025-06-03
T00286,C0176,Medium,Open,2025-02-25
T00287,C0475,Medium,Open,2025-02-22
T00288,C0119,High,In Progress,2025-04-16
T00289,C0408,High,In Progress,2025-01-26
T00290,C0422,Low,Open,2025-03-05
T00291,C0390,Medium,In Progress,2025-03-10
T00292,C0077,Medium,In Progress,2025-06-29
T00293,C0349,Low,Closed,2025-01-08
T00294,C0387,Low,Closed,2025-06-08
T00295,C0310,Medium,Closed,2025-04-09
T00296,C0157,High,Open,2025-03-05
T00297,C0473,Low,In Progress,2025-03-18
T00298,C0355,Medium,Open,2025-01-11
T00299,C0343,High,In Progress,2025-02-18
T00300,C0131,Medium,Closed,2025-02-24
T00301,C0154,Low,In Progress,2025-03-16
T00302,C0204,High,In Progress,2025-05-17
T00303,C0460,Low,Closed,2025-04-05
T00304,C0040,High,Open,2025-05-26
T00305,C0008,Medium,In Progress,2025-04-28
T00306,C0054,High,In Progress,2025-05-28
T00307,C0219,Low,Open,2025-05-24
T00308,C0175,High,Closed,2025-01-07
T00309,C0193,High,Open,2025-04-23
T00310,C0229,Low,In Progress,2025-06-08
T00311,C0392,Medium,Open,2025-01-08
T00312,C0299,Low,Closed,2025-01-26
T00313,C0220,High,Open,2025-02-16
T00314,C0389,Medium,Open,2025-05-22
T00315,C0422,Medium,In Progress,2025-03-19
T00316,C0207,Medium,Closed,2025-04-17
T00317,C0008,Low,In Progress,2025-06-21
T00318,C0059,Medium,Closed,2025-05-29
T00319,C0168,High,Open,2025-01-13
T00320,C0237,Low,In Progress,2025-06-24
T00321,C0408,High,In Progress,2025-03-17
T00322,C0364,Medium,Open,2025-03-16
T00323,C0037,High,Open,2025-05-29
T00324,C0075,High,In Progress,2025-06-30
T00325,C0467,Low,In Progress,2025-05-07
T00326,C0201,Low,Open,2025-06-03
T00327,C0268,High,In Progress,2025-04-30
T00328,C0009,High,Open,2025-02-28
T00329,C0110,Low,Open,2025-05-07
T00330,C0014,High,In Progress,2025-05-10
T00331,C0497,Low,Closed,2025-04-25
T00332,C0463,Low,In Progress,2025-01-11
T00333,C0258,High,Open,2025-04-10
T00334,C0149,Low,Open,2025-03-16
T00335,C0040,Medium,In Progress,2025-06-16
T00336,C0386,Medium,Open,2025-04-19
T00337,C0119,High,Open,2025-03-12
T00338,C0491,High,Closed,2025-05-09
T00339,C0204,High,Closed,2025-03-01
T00340,C0249,Low,Open,2025-04-24
T00341,C0362,High,In Progress,2025-02-06
T00342,C0365,High,In Progress,2025-03-28
T00343,C0273,High,Open,2025-04-15
T00344,C0153,Medium,Closed,2025-02-08
T00345,C0129,Medium,Closed,2025-02-08
T00346,C0281,Low,Open,2025-04-04
T00347,C0178,High,Closed,2025-06-30
T00348,C0478,Medium,Closed,2025-02-23
T00349,C0277,High,Closed,2025-03-07
T00350,C0381,Low,Open,2025-02-14
T00351,C0401,High,In Progress,2025-03-06
T00352,C0064,Low,Open,2025-02-17
T00353,C0361,High,In Progress,2025-02-22
T00354,C0180,Medium,In Progress,2025-04-26
T00355,C0110,Medium,Closed,2025-02-10
T00356,C0409,High,Closed,2025-02-26
T00357,C0304,High,Closed,2025-01-17
T00358,C0282,High,Closed,2025-01-18
T00359,C0335,High,Closed,2025-05-14
T00360,C0490,Medium,Open,2025-04-04
T00361,C0006,High,In Progress,2025-06-18
T00362,C0166,Low,In Progress,2025-01-15
T00363,C0289,Low,Closed,2025-05-30
T00364,C0056,Low,Open,2025-06-21
T00365,C0072,Medium,In Progress,2025-02-19
T00366,C0128,Medium,Closed,2025-02-20
T00367,C0283,High,Closed,2025-04-26
T00368,C0021,Low,Open,2025-03-29
T00369,C0424,Low,Open,2025-06-08
T00370,C0025,Medium,Closed,2025-02-11
T00371,C0468,Medium,In Progress,2025-03-09
T00372,C0259,Medium,Open,2025-05-02
T00373,C0347,Low,Closed,2025-01-07
T00374,C0264,High,In Progress,2025-01-16
T00375,C0291,High,Closed,2025-03-14
T00376,C0139,Medium,In Progress,2025-01-19
T00377,C0086,Medium,In Progress,2025-05-17
T00378,C0366,Low,Open,2025-03-07
T00379,C0190,High,In Progress,2025-01-07
T00380,C0386,High,Open,2025-06-13
T00381,C0309,High,Open,2025-03-31
T00382,C0124,Medium,Open,2025-01-23
T00383,C0026,Low,In Progress,2025-01-12
T00384,C0462,High,Closed,2025-04-14
T00385,C0214,Low,In Progress,2025-01-17
T00386,C0338,High,Open,2025-03-23
T00387,C0362,High,Open,2025-04-01
T00388,C0239,High,Open,2025-05-22
T00389,C0030,Medium,Closed,2025-05-25
T00390,C0413,Medium,Closed,2025-05-07
T00391,C0288,High,In Progress,2025-04-02
T00392,C0316,Low,Open,2025-01-19
T00393,C0323,Medium,Closed,2025-05-22
T00394,C0409,Low,In Progress,2025-04-11
T00395,C0231,Medium,Open,2025-06-21
T00396,C0478,Low,In Progress,2025-05-16
T00397,C0202,Low,In Progress,2025-04-28
T00398,C0064,Low,Open,2025-01-20
T00399,C0003,High,In Progress,2025-04-08
T00400,C0466,High,Open,2025-05-16
T00401,C0001,Low,In Progress,2025-03-15
T00402,C0124,High,Closed,2025-04-20
T00403,C0021,Low,Open,2025-02-10
T00404,C0067,Medium,Closed,2025-06-09
T00405,C0057,Low,Closed,2025-02-09
T00406,C0129,Medium,In Progress,2025-03-30
T00407,C0129,Medium,Closed,2025-06-18
T00408,C0474,High,Open,2025-05-19
T00409,C0422,High,In Progress,2025-02-20
T00410,C0413,High,Open,2025-01-09
T00411,C0262,Medium,Open,2025-06-14
T00412,C0298,Low,Closed,2025-03-28
T00413,C0399,Medium,In Progress,2025-03-16
T00414,C0304,Low,In Progress,2025-03-04
T00415,C0355,Medium,Closed,2025-05-22
T00416,C0196,High,Closed,2025-06-19
T00417,C0488,Medium,In Progress,2025-02-28
T00418,C0200,Low,Open,2025-01-02
T00419,C0274,High,Open,2025-05-01
T00420,C0484,Medium,Closed,2025-01-04
T00421,C0478,Medium,In Progress,2025-06-11
T00422,C0287,Low,In Progress,2025-05-21
T00423,C0496,Medium,In Progress,2025-06-20
T00424,C0160,Medium,In Progress,2025-03-03
T00425,C0389,High,Closed,2025-03-17
T00426,C0121,High,In Progress,2025-06-13
T00427,C0195,Low,Open,2025-04-01
T00428,C0412,High,Open,2025-02-16
T00429,C0106,Low,Closed,2025-02-25
T00430,C0126,Low,In Progress,2025-04-16
T00431,C0090,Low,In Progress,2025-06-18
T00432,C0182,High,In Progress,2025-06-24
T00433,C0369,High,Open,2025-06-28
T00434,C0117,Low,In Progress,2025-02-27
T00435,C0114,High,Closed,2025-01-20
T00436,C0093,Low,In Progress,2025-03-21
T00437,C0388,Medium,Open,2025-05-15
T00438,C0407,Medium,Closed,2025-01-20
T00439,C0294,Medium,In Progress,2025-03-05
T00440,C0384,High,Closed,2025-02-07
T00441,C0109,High,In Progress,2025-04-18
T00442,C0015,High,Closed,2025-02-16
T00443,C0298,High,Closed,2025-01-09
T00444,C0077,Low,In Progress,2025-04-04
T00445,C0030,Medium,Open,2025-03-13
T00446,C0384,Low,Closed,2025-03-22
T00447,C0163,High,Closed,2025-03-21
T00448,C0180,High,Closed,2025-03-23
T00449,C0032,Medium,Closed,2025-01-25
T00450,C0461,High,Closed,2025-04-23
T00451,C0374,Medium,In Progress,2025-04-13
T00452,C0414,Medium,Closed,2025-03-07
T00453,C0305,Medium,In Progress,2025-04-04
T00454,C0463,Low,Open,2025-06-17
T00455,C0280,High,In Progress,2025-02-11
T00456,C0425,Medium,Closed,2025-03-24
T00457,C0073,Low,Closed,2025-04-27
T00458,C0185,Low,In Progress,2025-01-13
T00459,C0191,Medium,Open,2025-03-16
T00460,C0457,Low,Closed,2025-06-28
T00461,C0016,Low,Open,2025-05-12
T00462,C0094,High,Open,2025-03-03
T00463,C0175,High,In Progress,2025-01-28
T00464,C0096,Low,In Progress,2025-05-20
T00465,C0336,Medium,Open,2025-05-10
T00466,C0457,High,Open,2025-02-15
T00467,C0201,Low,Closed,2025-03-09
T00468,C0346,Medium,Closed,2025-04-07
T00469,C0335,Medium,In Progress,2025-01-09
T00470,C0478,High,Open,2025-06-15
T00471,C0331,High,Open,2025-02-05
T00472,C0211,Low,In Progress,2025-03-08
T00473,C0314,High,Open,2025-05-11
T00474,C0226,Medium,Open,2025-01-09
T00475,C0027,Medium,Closed,2025-03-17
T00476,C0154,High,Closed,2025-06-24
T00477,C0271,Low,Open,2025-03-23
T00478,C0316,Medium,In Progress,2025-01-26
T00479,C0209,Medium,Closed,2025-01-05
T00480,C0008,High,Closed,2025-04-07
T00481,C0364,Medium,In Progress,2025-02-27
T00482,C0264,Medium,Open,2025-02-23
T00483,C0340,Low,Closed,2025-05-09
T00484,C0042,High,In Progress,2025-05-12
T00485,C0007,Medium,In Progress,2025-05-31
T00486,C0359,Low,In Progress,2025-05-02
T00487,C0480,Low,In Progress,2025-02-25
T00488,C0404,Medium,Open,2025-02-04
T00489,C0203,Low,In Progress,2025-02-28
T00490,C0345,Low,Open,2025-03-05
T00491,C0452,Low,In Progress,2025-03-13
T00492,C0129,Low,Open,2025-02-16
T00493,C0173,Low,Closed,2025-02-09
T00494,C0471,High,Closed,2025-05-04
T00495,C0412,High,In Progress,2025-06-28
T00496,C0466,High,In Progress,2025-02-26
T00497,C0127,Medium,Open,2025-04-24
T00498,C0295,Low,In Progress,2025-02-01
T00499,C0273,Low,Closed,2025-03-11
T00500,C0289,High,In Progress,2025-05-28
T00501,C0314,Medium,In Progress,2025-03-04
T00502,C0196,Low,In Progress,2025-04-06
T00503,C0368,Medium,Open,2025-06-05
T00504,C0439,Medium,Open,2025-02-25
T00505,C0363,Low,In Progress,2025-06-09
T00506,C0324,High,Open,2025-02-26
T00507,C0435,Medium,Open,2025-02-26
T00508,C0129,High,In Progress,2025-02-02
T00509,C0404,Low,Closed,2025-06-29
T00510,C0228,Low,In Progress,2025-06-30
T00511,C0124,High,Closed,2025-01-17
T00512,C0098,Medium,Open,2025-03-20
T00513,C0118,Low,In Progress,2025-04-22
T00514,C0360,Medium,Closed,2025-01-26
T00515,C0047,Medium,Closed,2025-04-09
T00516,C0170,Medium,In Progress,2025-03-02
T00517,C0229,Low,In Progress,2025-05-22
T00518,C0105,High,Open,2025-04-21
T00519,C0079,High,Open,2025-03-08
T00520,C0101,Medium,Closed,2025-04-03
T00521,C0026,Medium,Open,2025-06-17
T00522,C0301,High,Open,2025-05-02
T00523,C0303,High,Closed,2025-04-12
T00524,C0072,Low,Open,2025-01-29
T00525,C0401,Low,In Progress,2025-06-09
T00526,C0384,High,Closed,2025-06-18
T00527,C0391,Medium,Open,2025-03-08
T00528,C0063,High,Open,2025-04-20
T00529,C0437,High,Closed,2025-06-24
T00530,C0277,Medium,Open,2025-01-04
T00531,C0412,High,Open,2025-06-24
T00532,C0044,Medium,Closed,2025-02-19
T00533,C0017,Low,In Progress,2025-02-03
T00534,C0414,Low,Closed,2025-05-11
T00535,C0182,Low,In Progress,2025-06-08
T00536,C0392,Low,In Progress,2025-05-27
T00537,C0459,Low,In Progress,2025-03-06
T00538,C0425,Medium,Open,2025-06-21
T00539,C0367,Low,Closed,2025-01-06
T00540,C0404,Low,Open,2025-02-19
T00541,C0479,High,Closed,2025-01-31
T00542,C0165,Medium,Closed,2025-04-18
T00543,C0219,High,In Progress,2025-06-17
T00544,C0179,High,Closed,2025-04-15
T00545,C0369,High,Closed,2025-02-06
T00546,C0073,Low,Closed,2025-05-06
T00547,C0126,Low,Closed,2025-03-30
T00548,C0134,Low,In Progress,2025-03-06
T00549,C0170,Medium,Open,2025-05-21
T00550,C0242,High,Open,2025-03-15
T00551,C0208,High,Open,2025-03-29
T00552,C0349,Low,Open,2025-04-03
T00553,C0289,Medium,In Progress,2025-02-22
T00554,C0365,High,Closed,2025-05-22
T00555,C0111,High,Closed,2025-05-14
T00556,C0402,High,Closed,2025-06-29
T00557,C0474,Medium,Closed,2025-04-13
T00558,C0063,Low,In Progress,2025-06-19
T00559,C0011,Medium,In Progress,2025-06-25
T00560,C0076,Medium,Open,2025-01-11
T00561,C0308,High,In Progress,2025-04-09
T00562,C0070,Medium,Closed,2025-05-28
T00563,C0372,Medium,Closed,2025-02-17
T00564,C0330,High,In Progress,2025-03-22
T00565,C0377,Medium,Open,2025-03-15
T00566,C0141,Medium,Closed,2025-04-29
T00567,C0156,Low,In Progress,2025-02-26
T00568,C0170,High,Open,2025-04-22
T00569,C0450,Low,In Progress,2025-02-22
T00570,C0309,High,Closed,2025-03-08
T00571,C0353,Low,Closed,2025-05-24
T00572,C0284,High,In Progress,2025-06-29
T00573,C0174,High,In Progress,2025-06-20
T00574,C0217,Low,In Progress,2025-05-22
T00575,C0107,Medium,Closed,2025-04-12
T00576,C0433,Low,In Progress,2025-02-13
T00577,C0079,Medium,In Progress,2025-06-25
T00578,C0320,Low,Closed,2025-04-09
T00579,C0409,Low,In Progress,2025-04-07
T00580,C0480,High,In Progress,2025-02-08
T00581,C0477,Low,Closed,2025-06-07
T00582,C0140,Medium,Closed,2025-04-17
T00583,C0184,Low,In Progress,2025-03-19
T00584,C0215,Medium,Open,2025-01-03
T00585,C0498,Medium,In Progress,2025-06-03
T00586,C0006,Low,Open,2025-05-26
T00587,C0009,Low,In Progress,2025-02-06
T00588,C0452,Medium,Closed,2025-05-11
T00589,C0029,High,Open,2025-05-03
T00590,C0295,High,Open,2025-01-05
T00591,C0122,Medium,In Progress,2025-06-25
T00592,C0042,Medium,In Progress,2025-06-22
T00593,C0334,Low,Closed,2025-04-23
T00594,C0129,High,In Progress,2025-06-12
T00595,C0021,High,In Progress,2025-02-16
T00596,C0283,Low,Open,2025-04-12
T00597,C0337,Low,Open,2025-01-20
T00598,C0410,Medium,Open,2025-04-09
T00599,C0331,Medium,In Progress,2025-01-08
T00600,C0026,Medium,Closed,2025-06-13
T00601,C0216,Medium,Closed,2025-01-01
T00602,C0361,High,Closed,2025-01-03
T00603,C0439,Low,Open,2025-02-19
T00604,C0225,Medium,Closed,2025-06-21
T00605,C0057,High,In Progress,2025-01-14
T00606,C0265,Medium,Open,2025-02-23
T00607,C0490,Low,Open,2025-03-12
T00608,C0192,Medium,In Progress,2025-04-20
T00609,C0407,Medium,Closed,2025-06-29
T00610,C0272,Medium,In Progress,2025-01-02
T00611,C0316,Medium,Closed,2025-02-12
T00612,C0115,Medium,Closed,2025-03-22
T00613,C0365,Low,Closed,2025-03-10
T00614,C0449,Medium,Open,2025-04-08
T00615,C0319,Low,Closed,2025-03-22
T00616,C0114,High,Closed,2025-01-22
T00617,C0470,Medium,Open,2025-06-02
T00618,C0388,Low,Closed,2025-05-06
T00619,C0484,High,Closed,2025-03-30
T00620,C0414,High,Closed,2025-04-26
T00621,C0396,High,Open,2025-01-23
T00622,C0097,High,Open,2025-04-24
T00623,C0449,High,In Progress,2025-01-01
T00624,C0322,Low,Closed,2025-06-24
T00625,C0316,Low,Open,2025-02-23
T00626,C0441,Medium,Open,2025-06-30
T00627,C0142,Low,Open,2025-03-04
T00628,C0044,Medium,In Progress,2025-04-08
T00629,C0299,High,Closed,2025-02-07
T00630,C0331,Medium,Open,2025-03-29
T00631,C0235,Medium,In Progress,2025-04-14
T00632,C0041,Medium,In Progress,2025-06-04
T00633,C0156,Medium,Open,2025-02-09
T00634,C0351,High,Closed,2025-05-26
T00635,C0035,High,Open,2025-01-05
T00636,C0493,High,In Progress,2025-06-10
T00637,C0142,High,In Progress,2025-02-14
T00638,C0032,High,Closed,2025-01-21
T00639,C0306,Medium,In Progress,2025-02-23
T00640,C0360,High,Open,2025-03-30
T00641,C0331,High,Open,2025-02-27
T00642,C0121,Medium,Open,2025-01-08
T00643,C0124,Low,Closed,2025-03-09
T00644,C0369,Medium,Closed,2025-03-25
T00645,C0401,Low,In Progress,2025-03-28
T00646,C0332,Medium,Closed,2025-06-30
T00647,C0005,Low,In Progress,2025-02-01
T00648,C0460,Low,Closed,2025-01-28
T00649,C0215,High,In Progress,2025-05-12
T00650,C0090,Medium,Closed,2025-06-24
T00651,C0069,Medium,In Progress,2025-01-23
T00652,C0302,High,Open,2025-01-17
T00653,C0157,Medium,Closed,2025-01-01
T00654,C0220,High,Open,2025-03-27
T00655,C0357,Medium,Closed,2025-01-17
T00656,C0423,High,Open,2025-05-05
T00657,C0287,High,In Progress,2025-02-16
T00658,C0347,Medium,Closed,2025-04-07
T00659,C0270,High,Open,2025-03-26
T00660,C0373,High,Open,2025-02-10
T00661,C0190,Low,In Progress,2025-06-25
T00662,C0108,High,In Progress,2025-06-17
T00663,C0114,Low,Open,2025-06-21
T00664,C0396,High,In Progress,2025-06-28
T00665,C0265,Medium,Closed,2025-03-19
T00666,C0024,High,Open,2025-01-02
T00667,C0358,Low,Closed,2025-03-09
T00668,C0369,High,Open,2025-01-09
T00669,C0232,Low,Open,2025-06-26
T00670,C0105,High,Closed,2025-03-23
T00671,C0004,Low,Closed,2025-05-09
T00672,C0245,Low,Open,2025-02-15
T00673,C0165,Medium,Open,2025-05-26
T00674,C0179,Low,In Progress,2025-01-20
T00675,C0433,High,In Progress,2025-01-17
T00676,C0132,Medium,Open,2025-03-02
T00677,C0155,High,In Progress,2025-03-20
T00678,C0216,High,Closed,2025-05-12
T00679,C0168,Medium,Closed,2025-05-20
T00680,C0128,High,In Progress,2025-04-15
T00681,C0081,Medium,Open,2025-03-31
T00682,C0018,High,Open,2025-05-22
T00683,C0387,Low,Open,2025-01-22
T00684,C0347,High,Open,2025-05-06
T00685,C0374,High,In Progress,2025-03-31
T00686,C0377,Medium,In Progress,2025-01-24
T00687,C0022,Medium,Open,2025-06-23
T00688,C0490,Medium,In Progress,2025-03-27
T00689,C0141,High,Open,2025-04-16
T00690,C0182,High,In Progress,2025-06-03
T00691,C0145,High,Closed,2025-05-01
T00692,C0240,Low,Closed,2025-04-19
T00693,C0500,High,Closed,2025-06-15
T00694,C0075,High,Closed,2025-01-20
T00695,C0087,High,Closed,2025-05-17
T00696,C0158,High,Open,2025-02-20
T00697,C0402,Low,Closed,2025-03-09
T00698,C0100,Medium,Closed,2025-05-27
T00699,C0350,Medium,Open,2025-01-21
T00700,C0097,Medium,Open,2025-03-25
T00701,C0443,Medium,Open,2025-01-07
T00702,C0426,Medium,Closed,2025-06-04
T00703,C0016,Low,Closed,2025-04-27
T00704,C0387,Low,In Progress,2025-02-01
T00705,C0259,Low,Closed,2025-01-11
T00706,C0436,Low,Closed,2025-03-05
T00707,C0174,Medium,Open,2025-04-01
T00708,C0401,High,Open,2025-02-01
T00709,C0390,Medium,Closed,2025-03-25
T00710,C0402,Low,Closed,2025-03-02
T00711,C0343,High,Closed,2025-01-17
T00712,C0284,Medium,Open,2025-06-13
T00713,C0226,Medium,Closed,2025-05-01
T00714,C0140,Low,Closed,2025-06-18
T00715,C0428,Medium,Open,2025-04-22
T00716,C0308,Low,Open,2025-01-23
T00717,C0497,Medium,In Progress,2025-02-02
T00718,C0367,High,Closed,2025-01-29
T00719,C0298,Medium,In Progress,2025-04-14
T00720,C0219,Low,In Progress,2025-03-11
T00721,C0460,Medium,In Progress,2025-06-25
T00722,C0326,Medium,Open,2025-05-09
T00723,C0132,Low,Closed,2025-04-06
T00724,C0130,Low,Closed,2025-05-22
T00725,C0398,High,Open,2025-05-30
T00726,C0188,Low,Open,2025-05-25
T00727,C0428,High,Closed,2025-04-26
T00728,C0349,High,Open,2025-01-11
T00729,C0496,Low,Open,2025-03-04
T00730,C0365,Medium,Closed,2025-06-30
T00731,C0227,High,Open,2025-05-05
T00732,C0451,Low,In Progress,2025-05-13
T00733,C0013,Medium,Closed,2025-05-24
T00734,C0470,Low,In Progress,2025-04-29
T00735,C0079,High,Closed,2025-02-26
T00736,C0029,Low,In Progress,2025-05-03
T00737,C0180,Low,Open,2025-03-21
T00738,C0112,High,Closed,2025-06-06
T00739,C0360,Medium,Closed,2025-03-17
T00740,C0284,Medium,In Progress,2025-05-15
T00741,C0340,High,Open,2025-05-25
T00742,C0468,Low,Closed,2025-06-26
T00743,C0466,Low,Closed,2025-01-21
T00744,C0103,Medium,Open,2025-01-07
T00745,C0399,Medium,In Progress,2025-05-07
T00746,C0128,High,In Progress,2025-05-10
T00747,C0178,High,Closed,2025-04-29
T00748,C0073,Medium,Open,2025-06-18
T00749,C0032,Medium,Open,2025-06-21
T00750,C0257,High,Closed,2025-06-07
T00751,C0089,Low,In Progress,2025-02-19
T00752,C0055,High,Closed,2025-05-03
T00753,C0411,Medium,Closed,2025-04-03
T00754,C0078,High,In Progress,2025-02-24
T00755,C0491,High,Open,2025-01-09
T00756,C0238,High,Closed,2025-05-29
T00757,C0170,Medium,In Progress,2025-06-13
T00758,C0296,Medium,Open,2025-06-02
T00759,C0276,Medium,Open,2025-06-20
T00760,C0117,High,Open,2025-05-28
T00761,C0144,High,Closed,2025-06-10
T00762,C0230,Medium,In Progress,2025-06-02
T00763,C0435,High,In Progress,2025-05-31
T00764,C0366,Medium,Closed,2025-01-09
T00765,C0302,High,In Progress,2025-04-01
T00766,C0170,High,Closed,2025-06-05
T00767,C0377,Medium,In Progress,2025-05-23
T00768,C0223,Medium,In Progress,2025-03-24
T00769,C0213,High,In Progress,2025-06-13
T00770,C0073,Medium,Open,2025-04-22
T00771,C0380,High,Open,2025-02-14
T00772,C0095,Low,In Progress,2025-06-23
T00773,C0209,Low,Open,2025-05-25
T00774,C0490,Low,Open,2025-02-19
T00775,C0166,Medium,In Progress,2025-06-11
T00776,C0421,Low,In Progress,2025-01-12
T00777,C0283,Low,Open,2025-05-23
T00778,C0426,Medium,Closed,2025-02-19
T00779,C0389,High,In Progress,2025-01-13
T00780,C0297,Low,In Progress,2025-02-01
T00781,C0355,Medium,Open,2025-04-14
T00782,C0120,High,Closed,2025-02-26
T00783,C0336,Medium,In Progress,2025-05-07
T00784,C0293,High,Closed,2025-03-15
T00785,C0221,High,Open,2025-01-22
T00786,C0069,Low,In Progress,2025-01-03
T00787,C0153,Medium,In Progress,2025-03-25
T00788,C0094,Medium,Closed,2025-02-14
T00789,C0307,Medium,In Progress,2025-05-26
T00790,C0394,Medium,Closed,2025-01-28
T00791,C0133,High,In Progress,2025-05-21
T00792,C0153,Medium,Open,2025-03-19
T00793,C0238,High,In Progress,2025-01-04
T00794,C0471,Low,Open,2025-05-13
T00795,C0083,High,Closed,2025-04-04
T00796,C0429,High,Closed,2025-01-17
T00797,C0055,Medium,Open,2025-05-03
T00798,C0095,High,In Progress,2025-01-29
T00799,C0083,Low,In Progress,2025-04-26
T00800,C0317,High,Open,2025-01-28
T00801,C0077,High,Open,2025-04-11
T00802,C0130,Low,In Progress,2025-06-19
T00803,C0132,Medium,In Progress,2025-05-07
T00804,C0087,Low,Open,2025-02-10
T00805,C0259,Low,In Progress,2025-03-06
T00806,C0410,High,In Progress,2025-06-18
T00807,C0293,Medium,In Progress,2025-05-14
T00808,C0429,Medium,In Progress,2025-01-24
T00809,C0217,Low,Closed,2025-05-17
T00810,C0174,Medium,In Progress,2025-01-12
T00811,C0355,Medium,In Progress,2025-02-24
T00812,C0018,High,In Progress,2025-04-29
T00813,C0079,High,In Progress,2025-03-31
T00814,C0050,Medium,In Progress,2025-06-30
T00815,C0480,High,Closed,2025-05-29
T00816,C0313,Medium,Open,2025-06-04
T00817,C0499,Medium,Open,2025-04-20
T00818,C0014,Medium,Open,2025-06-08
T00819,C0252,Low,In Progress,2025-04-01
T00820,C0326,High,Closed,2025-04-08
T00821,C0313,Low,Closed,2025-04-18
T00822,C0425,Low,In Progress,2025-05-05
T00823,C0358,Medium,Closed,2025-04-19
T00824,C0276,Medium,In Progress,2025-04-25
T00825,C0458,High,In Progress,2025-01-22
T00826,C0127,High,Open,2025-01-30
T00827,C0205,Medium,Open,2025-02-19
T00828,C0090,Medium,Closed,2025-02-25
T00829,C0392,Low,In Progress,2025-06-07
T00830,C0123,High,Open,2025-03-12
T00831,C0093,Low,Open,2025-01-02
T00832,C0457,Medium,In Progress,2025-04-02
T00833,C0277,Low,In Progress,2025-06-13
T00834,C0251,High,Open,2025-05-07
T00835,C0264,Low,Open,2025-06-21
T00836,C0196,Low,Closed,2025-04-15
T00837,C0375,High,Open,2025-01-30
T00838,C0499,Medium,Open,2025-05-16
T00839,C0343,Medium,Open,2025-01-24
T00840,C0250,Medium,In Progress,2025-04-05
T00841,C0011,Medium,Closed,2025-05-12
T00842,C0266,High,Closed,2025-01-04
T00843,C0106,Low,Closed,2025-05-30
T00844,C0165,High,Closed,2025-06-18
T00845,C0186,Low,Open,2025-06-13
T00846,C0443,Low,Open,2025-06-02
T00847,C0248,High,Open,2025-05-05
T00848,C0001,Medium,In Progress,2025-03-16
T00849,C0244,Medium,In Progress,2025-05-14
T00850,C0011,Medium,In Progress,2025-03-20
T00851,C0473,Low,Open,2025-03-17
T00852,C0068,High,Open,2025-03-09
T00853,C0275,Medium,Open,2025-02-14
T00854,C0347,Medium,Closed,2025-06-07
T00855,C0288,Medium,Closed,2025-01-04
T00856,C0376,Low,Open,2025-02-27
T00857,C0103,High,Closed,2025-03-21
T00858,C0105,High,Closed,2025-02-24
T00859,C0238,Medium,Closed,2025-04-04
T00860,C0039,High,Closed,2025-03-16
T00861,C0272,Low,In Progress,2025-04-02
T00862,C0117,Low,Closed,2025-04-25
T00863,C0222,Low,Open,2025-02-03
T00864,C0425,High,Closed,2025-02-06
T00865,C0255,Medium,Closed,2025-03-11
T00866,C0365,Medium,In Progress,2025-06-19
T00867,C0182,Medium,Open,2025-05-07
T00868,C0215,Medium,Closed,2025-04-10
T00869,C0124,High,Open,2025-02-28
T00870,C0262,Medium,Open,2025-04-16
T00871,C0051,High,Closed,2025-02-09
T00872,C0007,High,In Progress,2025-04-08
T00873,C0067,High,Closed,2025-05-10
T00874,C0380,Low,Open,2025-03-07
T00875,C0110,Medium,Closed,2025-03-30
T00876,C0167,Low,Closed,2025-06-23
T00877,C0254,Low,In Progress,2025-02-20
T00878,C0312,High,Closed,2025-03-08
T00879,C0340,Low,Open,2025-06-25
T00880,C0487,Medium,Closed,2025-01-21
T00881,C0154,Medium,Closed,2025-06-17
T00882,C0379,Medium,Open,2025-03-21
T00883,C0170,High,Open,2025-05-06
T00884,C0140,Medium,Open,2025-01-02
T00885,C0125,Medium,Closed,2025-03-14
T00886,C0091,High,Closed,2025-02-21
T00887,C0043,Low,In Progress,2025-03-28
T00888,C0195,Medium,Closed,2025-03-06
T00889,C0319,Medium,Closed,2025-02-24
T00890,C0296,Medium,Closed,2025-02-19
T00891,C0040,Medium,Open,2025-03-18
T00892,C0261,High,Closed,2025-01-19
T00893,C0284,Low,Open,2025-01-31
T00894,C0065,High,Open,2025-02-14
T00895,C0363,High,Open,2025-06-15
T00896,C0282,Medium,Open,2025-04-07
T00897,C0325,High,Closed,2025-02-03
T00898,C0251,Low,Open,2025-03-15
T00899,C0290,Low,Closed,2025-01-14
T00900,C0342,Medium,In Progress,2025-04-11
T00901,C0084,High,In Progress,2025-01-21
T00902,C0297,Medium,Open,2025-03-31
T00903,C0445,Low,Closed,2025-01-14
T00904,C0123,Low,Closed,2025-06-08
T00905,C0139,Medium,Open,2025-06-29
T00906,C0189,High,Open,2025-04-23
T00907,C0008,Low,In Progress,2025-04-04
T00908,C0127,Low,In Progress,2025-02-28
T00909,C0441,High,In Progress,2025-03-13
T00910,C0367,High,Closed,2025-05-09
T00911,C0371,High,Open,2025-01-04
T00912,C0051,High,In Progress,2025-02-11
T00913,C0431,Low,In Progress,2025-03-12
T00914,C0285,High,Closed,2025-04-08
T00915,C0093,Medium,Open,2025-06-23
T00916,C0472,Low,Open,2025-01-30
T00917,C0165,Low,Open,2025-05-24
T00918,C0165,High,Open,2025-01-15
T00919,C0270,High,In Progress,2025-01-19
T00920,C0359,Medium,Open,2025-04-29
T00921,C0023,High,Open,2025-03-07
T00922,C0232,Medium,Closed,2025-03-11
T00923,C0219,High,Closed,2025-01-28
T00924,C0332,High,Open,2025-05-03
T00925,C0487,High,Open,2025-05-13
T00926,C0002,Low,In Progress,2025-03-01
T00927,C0461,Low,Closed,2025-03-08
T00928,C0041,Medium,Closed,2025-02-27
T00929,C0021,High,Closed,2025-03-03
T00930,C0064,Low,Open,2025-03-13
T00931,C0392,Medium,Open,2025-06-16
T00932,C0022,Low,Closed,2025-06-05
T00933,C0359,Medium,Closed,2025-02-25
T00934,C0245,Medium,Closed,2025-04-27
T00935,C0379,High,In Progress,2025-06-23
T00936,C0032,Low,Open,2025-03-04
T00937,C0229,Medium,Closed,2025-01-03
T00938,C0289,Low,Closed,2025-04-24
T00939,C0170,Low,In Progress,2025-01-12
T00940,C0440,High,In Progress,2025-01-25
T00941,C0019,Low,Open,2025-03-16
T00942,C0422,Medium,Closed,2025-01-14
T00943,C0188,Low,Open,2025-04-28
T00944,C0064,Medium,Open,2025-06-05
T00945,C0358,Low,Closed,2025-03-10
T00946,C0490,Medium,Open,2025-05-11
T00947,C0327,Medium,In Progress,2025-04-02
T00948,C0352,Low,Open,2025-04-19
T00949,C0481,Medium,Closed,2025-06-09
T00950,C0449,Medium,Closed,2025-02-04
T00951,C0209,Low,In Progress,2025-02-13
T00952,C0145,Medium,Closed,2025-03-19
T00953,C0076,Medium,Open,2025-02-28
T00954,C0408,High,Closed,2025-06-26
T00955,C0076,Low,Closed,2025-04-04
T00956,C0042,Medium,Open,2025-03-12
T00957,C0367,Low,In Progress,2025-02-18
T00958,C0391,High,Open,2025-02-10
T00959,C0111,High,Closed,2025-01-12
T00960,C0351,Low,Closed,2025-04-10
T00961,C0318,Low,In Progress,2025-04-05
T00962,C0195,Low,Open,2025-06-11
T00963,C0486,High,In Progress,2025-02-04
T00964,C0152,Medium,In Progress,2025-06-04
T00965,C0240,Low,Open,2025-04-20
T00966,C0199,Medium,Closed,2025-03-01
T00967,C0149,Low,In Progress,2025-04-07
T00968,C0292,High,Closed,2025-06-25
T00969,C0175,Medium,Closed,2025-03-15
T00970,C0020,High,Open,2025-06-02
T00971,C0187,High,Closed,2025-03-11
T00972,C0311,High,In Progress,2025-02-06
T00973,C0134,Low,Closed,2025-01-05
T00974,C0356,High,Closed,2025-05-04
T00975,C0353,Low,Open,2025-04-07
T00976,C0057,High,Closed,2025-03-12
T00977,C0045,Low,Open,2025-03-26
T00978,C0044,High,Open,2025-05-05
T00979,C0061,Medium,Closed,2025-02-09
T00980,C0014,High,Open,2025-03-20
T00981,C0415,Medium,Open,2025-05-30
T00982,C0051,Low,Open,2025-04-25
T00983,C0165,Low,Closed,2025-03-18
T00984,C0277,Low,In Progress,2025-05-03
T00985,C0133,Low,Open,2025-01-02
T00986,C0444,Medium,In Progress,2025-01-27
T00987,C0057,High,Open,2025-01-22
T00988,C0005,Low,Closed,2025-03-26
T00989,C0465,Low,Open,2025-06-15
T00990,C0469,Low,Closed,2025-05-24
T00991,C0066,Medium,Open,2025-04-12
T00992,C0392,Low,Closed,2025-05-29
T00993,C0074,Medium,In Progress,2025-01-20
T00994,C0154,High,Closed,2025-04-24
T00995,C0082,Low,In Progress,2025-03-15
T00996,C0487,Low,In Progress,2025-04-27
T00997,C0242,Low,In Progress,2025-04-07
T00998,C0186,Low,Open,2025-01-02
T00999,C0373,Low,In Progress,2025-02-07
T01000,C0415,Medium,Closed,2025-06-10
T01001,C0332,Medium,Open,2025-04-03
T01002,C0166,High,Closed,2025-03-28
T01003,C0374,Low,In Progress,2025-03-04
T01004,C0431,High,Open,2025-01-05
T01005,C0308,High,Open,2025-02-27
T01006,C0271,Low,Open,2025-03-06
T01007,C0183,High,In Progress,2025-01-29
T01008,C0486,Low,In Progress,2025-04-14
T01009,C0136,Low,In Progress,2025-04-18
T01010,C0278,Medium,Closed,2025-03-23
T01011,C0003,High,Closed,2025-02-08
T01012,C0441,Medium,In Progress,2025-01-28
T01013,C0306,High,Open,2025-05-05
T01014,C0477,Medium,In Progress,2025-03-17
T01015,C0261,Medium,In Progress,2025-06-30
T01016,C0143,Low,In Progress,2025-06-29
T01017,C0318,Low,In Progress,2025-03-27
T01018,C0331,Low,In Progress,2025-03-02
T01019,C0098,High,Closed,2025-04-01
T01020,C0234,High,Open,2025-06-19
T01021,C0006,Low,In Progress,2025-04-28
T01022,C0362,Medium,In Progress,2025-01-07
T01023,C0330,Low,Open,2025-01-15
T01024,C0270,Low,In Progress,2025-02-17
T01025,C0253,Low,In Progress,2025-03-19
T01026,C0358,Low,Open,2025-04-18
T01027,C0485,Low,In Progress,2025-05-27
T01028,C0208,Medium,In Progress,2025-02-24
T01029,C0177,Low,Open,2025-06-24
T01030,C0085,High,In Progress,2025-01-01
T01031,C0317,High,Open,2025-05-08
T01032,C0470,High,In Progress,2025-05-15
T01033,C0045,Low,Open,2025-03-23
T01034,C0357,Medium,Open,2025-05-07
T01035,C0279,Low,In Progress,2025-04-10
T01036,C0117,High,Closed,2025-05-03
T01037,C0152,Medium,In Progress,2025-05-05
T01038,C0387,High,Closed,2025-06-22
T01039,C0373,Low,In Progress,2025-05-14
T01040,C0222,High,In Progress,2025-05-09
T01041,C0369,Medium,Open,2025-03-19
T01042,C0245,High,Closed,2025-06-02
T01043,C0436,Low,Closed,2025-01-29
T01044,C0162,Medium,In Progress,2025-03-05
T01045,C0499,Medium,Open,2025-04-27
T01046,C0148,Medium,Open,2025-02-24
T01047,C0024,Medium,Closed,2025-05-27
T01048,C0390,High,Open,2025-01-07
T01049,C0298,High,In Progress,2025-05-10
T01050,C0041,High,In Progress,2025-02-25
T01051,C0344,High,Open,2025-06-17
T01052,C0278,High,In Progress,2025-04-16
T01053,C0283,Medium,In Progress,2025-04-21
T01054,C0368,High,In Progress,2025-04-03
T01055,C0008,Medium,In Progress,2025-06-01
T01056,C0466,Low,In Progress,2025-03-10
T01057,C0336,High,Open,2025-04-03
T01058,C0394,Medium,Closed,2025-01-28
T01059,C0074,Medium,Closed,2025-05-07
T01060,C0402,Medium,Open,2025-03-06
T01061,C0375,Low,Open,2025-01-16
T01062,C0350,Medium,Open,2025-05-31
T01063,C0291,Medium,Closed,2025-06-21
T01064,C0369,Medium,Open,2025-01-21
T01065,C0182,Low,In Progress,2025-04-14
T01066,C0437,Low,In Progress,2025-02-04
T01067,C0151,Medium,Closed,2025-06-23
T01068,C0211,High,Closed,2025-05-25
T01069,C0243,Medium,Closed,2025-04-13
T01070,C0409,Low,In Progress,2025-06-18
T01071,C0346,Low,Closed,2025-05-23
T01072,C0042,High,In Progress,2025-05-28
T01073,C0117,High,Open,2025-02-05
T01074,C0289,Low,Open,2025-06-02
T01075,C0296,Low,In Progress,2025-02-23
T01076,C0195,High,Closed,2025-04-14
T01077,C0044,Low,Closed,2025-02-23
T01078,C0450,High,Closed,2025-04-22
T01079,C0050,High,In Progress,2025-05-20
T01080,C0065,High,Open,2025-04-27
T01081,C0152,Medium,Open,2025-06-29
T01082,C0062,Medium,Open,2025-05-02
T01083,C0232,Medium,Open,2025-06-08
T01084,C0339,High,In Progress,2025-03-02
T01085,C0492,High,Closed,2025-06-04
T01086,C0406,Medium,Closed,2025-04-21
T01087,C0260,High,Open,2025-06-15
T01088,C0155,Low,Open,2025-06-20
T01089,C0468,Low,In Progress,2025-06-15
T01090,C0268,High,In Progress,2025-01-16
T01091,C0399,Medium,Closed,2025-04-30
T01092,C0025,Low,In Progress,2025-02-05
T01093,C0288,High,Open,2025-01-05
T01094,C0178,Medium,In Progress,2025-02-22
T01095,C0328,Medium,Open,2025-05-30
T01096,C0187,Medium,Closed,2025-05-12
T01097,C0319,High,Open,2025-06-14
T01098,C0089,High,In Progress,2025-02-21
T01099,C0388,High,In Progress,2025-03-26
T01100,C0263,High,In Progress,2025-05-19
T01101,C0141,Medium,In Progress,2025-05-24
T01102,C0022,Medium,Closed,2025-03-19
T01103,C0280,Medium,Open,2025-06-27
T01104,C0212,Medium,In Progress,2025-01-23
T01105,C0320,High,In Progress,2025-03-24
T01106,C0377,Low,Open,2025-02-14
T01107,C0420,Medium,Closed,2025-04-20
T01108,C0100,Medium,In Progress,2025-02-26
T01109,C0139,High,Open,2025-02-24
T01110,C0039,Low,Closed,2025-03-04
T01111,C0012,Medium,Open,2025-03-26
T01112,C0288,Low,In Progress,2025-05-23
T01113,C0173,Low,Open,2025-06-18
T01114,C0025,Medium,In Progress,2025-03-12
T01115,C0146,High,Open,2025-05-24
T01116,C0463,Medium,Closed,2025-01-12
T01117,C0481,High,Closed,2025-01-18
T01118,C0160,Medium,Closed,2025-02-20
T01119,C0187,Medium,Open,2025-05-15
T01120,C0354,Low,Open,2025-01-30
T01121,C0236,Medium,In Progress,2025-01-24
T01122,C0123,High,Closed,2025-06-24
T01123,C0381,Medium,In Progress,2025-02-06
T01124,C0216,Medium,In Progress,2025-02-01
T01125,C0341,Low,In Progress,2025-03-24
T01126,C0232,Medium,Open,2025-02-25
T01127,C0334,Medium,Open,2025-06-01
T01128,C0070,High,Closed,2025-01-31
T01129,C0232,Low,Open,2025-03-17
T01130,C0197,Low,Closed,2025-06-02
T01131,C0452,High,Open,2025-01-28
T01132,C0069,High,Closed,2025-01-24
T01133,C0123,Medium,In Progress,2025-04-30
T01134,C0259,Low,Open,2025-02-07
T01135,C0289,Low,In Progress,2025-04-26
T01136,C0283,Low,Open,2025-03-12
T01137,C0448,Low,In Progress,2025-03-30
T01138,C0148,Medium,Closed,2025-06-02
T01139,C0355,Medium,In Progress,2025-06-12
T01140,C0366,High,Closed,2025-03-17
T01141,C0353,Low,Open,2025-05-07
T01142,C0059,Medium,Closed,2025-04-15
T01143,C0084,Medium,Closed,2025-06-24
T01144,C0380,Medium,In Progress,2025-01-25
T01145,C0207,Medium,Open,2025-04-21
T01146,C0020,Low,In Progress,2025-04-22
T01147,C0426,Medium,Closed,2025-02-22
T01148,C0440,High,Closed,2025-05-09
T01149,C0004,Low,In Progress,2025-03-13
T01150,C0045,Medium,In Progress,2025-04-17
T01151,C0044,Low,Open,2025-05-06
T01152,C0460,High,In Progress,2025-03-16
T01153,C0151,High,In Progress,2025-05-12
T01154,C0324,Low,Closed,2025-05-07
T01155,C0284,High,Closed,2025-05-31
T01156,C0283,Low,Closed,2025-01-23
T01157,C0221,Low,Closed,2025-06-24
T01158,C0283,Low,In Progress,2025-01-07
T01159,C0294,High,In Progress,2025-01-17
T01160,C0067,High,Closed,2025-06-15
T01161,C0116,Medium,In Progress,2025-04-07
T01162,C0350,Medium,Closed,2025-01-13
T01163,C0420,Low,Closed,2025-02-24
T01164,C0275,Medium,In Progress,2025-03-11
T01165,C0168,High,Open,2025-03-28
T01166,C0494,Medium,Open,2025-05-23
T01167,C0271,Low,In Progress,2025-06-13
T01168,C0390,High,Open,2025-04-29
T01169,C0048,Low,Closed,2025-02-04
T01170,C0297,High,In Progress,2025-04-20
T01171,C0293,Medium,In Progress,2025-06-15
T01172,C0444,High,In Progress,2025-01-02
T01173,C0085,Low,Open,2025-03-11
T01174,C0215,High,In Progress,2025-06-28
T01175,C0205,Medium,In Progress,2025-03-27
T01176,C0375,High,Closed,2025-06-18
T01177,C0229,High,Open,2025-01-29
T01178,C0052,Medium,Open,2025-03-30
T01179,C0194,High,Open,2025-02-05
T01180,C0094,Low,In Progress,2025-04-02
T01181,C0067,High,Open,2025-03-03
T01182,C0341,Medium,Closed,2025-04-26
T01183,C0421,Low,In Progress,2025-02-23
T01184,C0196,Low,Closed,2025-04-26
T01185,C0039,Low,Closed,2025-03-07
T01186,C0475,High,Open,2025-02-11
T01187,C0314,Low,In Progress,2025-03-31
T01188,C0347,Medium,Open,2025-06-10
T01189,C0351,Medium,Closed,2025-03-07
T01190,C0488,High,In Progress,2025-04-18
T01191,C0255,Medium,Closed,2025-05-15
T01192,C0408,Medium,In Progress,2025-02-10
T01193,C0404,Medium,In Progress,2025-05-23
T01194,C0074,Medium,Open,2025-02-16
T01195,C0409,High,Open,2025-03-30
T01196,C0133,High,Closed,2025-01-28
T01197,C0205,Low,In Progress,2025-05-16
T01198,C0074,High,In Progress,2025-06-20
T01199,C0452,High,Open,2025-01-20
T01200,C0303,High,In Progress,2025-05-28
T01201,C0243,Medium,Closed,2025-01-11
T01202,C0311,Low,Open,2025-06-17
T01203,C0321,Medium,In Progress,2025-05-26
T01204,C0380,Low,Open,2025-03-30
T01205,C0178,Low,Closed,2025-05-02
T01206,C0044,Medium,Open,2025-05-31
T01207,C0126,Medium,In Progress,2025-03-24
T01208,C0009,High,Open,2025-01-08
T01209,C0177,High,Closed,2025-03-01
T01210,C0294,Medium,Closed,2025-03-24
T01211,C0005,Medium,Open,2025-06-05
T01212,C0455,Low,Open,2025-04-22
T01213,C0343,High,Open,2025-04-07
T01214,C0111,Low,Closed,2025-01-20
T01215,C0207,High,Closed,2025-04-25
T01216,C0370,High,Open,2025-03-16
T01217,C0211,Low,Closed,2025-01-02
T01218,C0344,Medium,Open,2025-03-26
T01219,C0335,High,Closed,2025-03-31
T01220,C0145,High,Open,2025-05-03
T01221,C0105,Medium,Open,2025-01-23
T01222,C0130,Medium,Closed,2025-01-15
T01223,C0144,Medium,Open,2025-03-07
T01224,C0495,High,In Progress,2025-06-06
T01225,C0417,Medium,Closed,2025-04-19
T01226,C0189,Medium,Open,2025-06-03
T01227,C0231,Medium,Closed,2025-02-13
T01228,C0202,Medium,Closed,2025-05-04
T01229,C0121,High,In Progress,2025-03-31
T01230,C0181,Medium,In Progress,2025-01-19
T01231,C0015,High,In Progress,2025-01-06
T01232,C0134,Medium,Open,2025-03-08
T01233,C0465,Medium,Open,2025-02-04
T01234,C0092,Low,Open,2025-01-11
T01235,C0046,Low,Open,2025-01-28
T01236,C0261,High,Closed,2025-03-09
T01237,C0306,Medium,Open,2025-01-18
T01238,C0307,Medium,Closed,2025-02-03
T01239,C0464,Medium,In Progress,2025-01-22
T01240,C0418,Low,Open,2025-06-09
T01241,C0267,Medium,Open,2025-05-17
T01242,C0351,Medium,Open,2025-04-16
T01243,C0241,High,Closed,2025-02-27
T01244,C0167,High,Open,2025-01-15
T01245,C0329,Medium,In Progress,2025-05-16
T01246,C0094,High,In Progress,2025-02-27
T01247,C0228,High,Closed,2025-05-09
T01248,C0166,Medium,Closed,2025-06-24
T01249,C0132,High,Closed,2025-05-17
T01250,C0104,Medium,Open,2025-03-21
T01251,C0177,High,In Progress,2025-06-26
T01252,C0247,Low,In Progress,2025-02-10
T01253,C0021,Medium,Closed,2025-06-30
T01254,C0386,Low,Open,2025-02-04
T01255,C0288,Low,Open,2025-06-12
T01256,C0359,Medium,In Progress,2025-02-11
T01257,C0114,Low,Open,2025-04-06
T01258,C0340,Low,Open,2025-06-24
T01259,C0245,Low,Closed,2025-05-15
T01260,C0433,High,In Progress,2025-06-16
T01261,C0298,Low,Closed,2025-01-02
T01262,C0215,Low,Closed,2025-06-04
T01263,C0195,Low,In Progress,2025-04-03
T01264,C0443,High,Open,2025-06-13
T01265,C0322,High,Closed,2025-06-09
T01266,C0101,High,In Progress,2025-02-06
T01267,C0448,Medium,In Progress,2025-03-25
T01268,C0370,Low,Open,2025-05-12
T01269,C0170,Low,Closed,2025-03-07
T01270,C0091,High,In Progress,2025-06-19
T01271,C0128,Low,In Progress,2025-04-02
T01272,C0126,Low,Open,2025-03-02
T01273,C0003,Low,Closed,2025-04-15
T01274,C0273,Medium,Open,2025-03-03
T01275,C0200,Low,In Progress,2025-02-06
T01276,C0272,Low,Open,2025-06-28
T01277,C0289,Medium,In Progress,2025-02-19
T01278,C0130,Low,Open,2025-02-03
T01279,C0493,Low,Closed,2025-06-14
T01280,C0260,Low,Closed,2025-05-12
T01281,C0383,High,Open,2025-02-17
T01282,C0161,High,In Progress,2025-05-12
T01283,C0005,High,Closed,2025-06-01
T01284,C0066,Medium,Closed,2025-06-15
T01285,C0298,Low,In Progress,2025-03-10
T01286,C0491,Medium,In Progress,2025-03-14
T01287,C0204,Low,Closed,2025-03-08
T01288,C0274,Low,Open,2025-04-12
T01289,C0412,Low,Closed,2025-03-08
T01290,C0321,Low,Closed,2025-05-08
T01291,C0452,High,In Progress,2025-01-19
T01292,C0001,High,In Progress,2025-06-28
T01293,C0476,Low,Closed,2025-02-09
T01294,C0060,Low,Closed,2025-01-28
T01295,C0334,Medium,In Progress,2025-03-19
T01296,C0328,Low,Open,2025-05-24
T01297,C0393,Low,In Progress,2025-06-29
T01298,C0485,Low,Open,2025-02-19
T01299,C0059,Low,Open,2025-02-08
T01300,C0238,Medium,In Progress,2025-02-25
T01301,C0389,Medium,In Progress,2025-04-23
T01302,C0375,Medium,Open,2025-03-05
T01303,C0009,Medium,In Progress,2025-06-14
T01304,C0449,Medium,Open,2025-04-21
T01305,C0228,Low,Open,2025-01-02
T01306,C0058,Medium,Open,2025-03-12
T01307,C0016,High,In Progress,2025-02-06
T01308,C0085,Medium,Closed,2025-03-21
T01309,C0499,Low,Closed,2025-02-06
T01310,C0144,High,In Progress,2025-01-26
T01311,C0056,Low,Open,2025-05-26
T01312,C0101,High,Open,2025-05-23
T01313,C0262,Medium,Open,2025-05-24
T01314,C0290,Low,Closed,2025-06-23
T01315,C0396,Low,Open,2025-04-05
T01316,C0025,High,Closed,2025-06-12
T01317,C0265,Low,In Progress,2025-01-01
T01318,C0046,Medium,Open,2025-05-12
T01319,C0389,High,In Progress,2025-04-16
T01320,C0487,Low,In Progress,2025-03-14
T01321,C0176,Low,Open,2025-04-11
T01322,C0239,Medium,In Progress,2025-05-10
T01323,C0021,High,Open,2025-06-05
T01324,C0363,Medium,Open,2025-01-22
T01325,C0338,Medium,Open,2025-01-17
T01326,C0334,High,Open,2025-06-04
T01327,C0154,Low,In Progress,2025-02-09
T01328,C0406,Medium,Closed,2025-01-30
T01329,C0099,Medium,In Progress,2025-01-19
T01330,C0168,Medium,In Progress,2025-06-22
T01331,C0013,High,Closed,2025-03-28
T01332,C0072,Medium,In Progress,2025-03-31
T01333,C0148,Low,Open,2025-06-15
T01334,C0181,Medium,Open,2025-05-16
T01335,C0384,Medium,Closed,2025-02-22
T01336,C0466,Low,Open,2025-01-08
T01337,C0306,Low,Open,2025-06-16
T01338,C0159,High,In Progress,2025-01-14
T01339,C0124,Low,In Progress,2025-03-19
T01340,C0018,Medium,Closed,2025-05-08
T01341,C0149,High,Open,2025-04-09
T01342,C0316,Medium,Closed,2025-03-21
T01343,C0244,High,Closed,2025-01-19
T01344,C0287,High,Closed,2025-05-15
T01345,C0046,High,Open,2025-03-19
T01346,C0349,Low,In Progress,2025-05-05
T01347,C0243,Medium,In Progress,2025-01-28
T01348,C0353,Medium,Open,2025-04-13
T01349,C0355,High,Open,2025-01-12
T01350,C0334,Medium,In Progress,2025-01-07
T01351,C0251,Medium,Open,2025-05-05
T01352,C0132,Low,Open,2025-03-21
T01353,C0435,High,Open,2025-05-01
T01354,C0281,High,Closed,2025-01-05
T01355,C0155,Low,Closed,2025-06-12
T01356,C0147,Low,In Progress,2025-02-01
T01357,C0426,Medium,Open,2025-01-31
T01358,C0188,Medium,Open,2025-06-08
T01359,C0177,Low,Closed,2025-05-21
T01360,C0479,High,In Progress,2025-05-16
T01361,C0024,High,Open,2025-05-19
T01362,C0033,Low,Closed,2025-02-22
T01363,C0360,Low,Closed,2025-02-16
T01364,C0315,Medium,Open,2025-03-20
T01365,C0162,Low,In Progress,2025-01-06
T01366,C0043,Medium,In Progress,2025-03-16
T01367,C0069,High,In Progress,2025-01-14
T01368,C0237,High,Open,2025-04-15
T01369,C0438,Medium,Closed,2025-05-04
T01370,C0343,Medium,In Progress,2025-02-04
T01371,C0292,Low,Closed,2025-05-03
T01372,C0040,High,In Progress,2025-04-18
T01373,C0366,Low,Open,2025-02-26
T01374,C0428,Low,Closed,2025-01-16
T01375,C0277,Low,Open,2025-03-08
T01376,C0472,Low,Closed,2025-01-15
T01377,C0326,Medium,Open,2025-06-24
T01378,C0482,High,Closed,2025-01-09
T01379,C0182,High,In Progress,2025-04-11
T01380,C0394,High,Closed,2025-01-12
T01381,C0179,High,Open,2025-05-23
T01382,C0354,Medium,Closed,2025-01-06
T01383,C0218,Low,Closed,2025-04-26
T01384,C0480,Medium,In Progress,2025-04-27
T01385,C0167,Medium,Open,2025-06-30
T01386,C0260,Low,Open,2025-03-16
T01387,C0151,Medium,Open,2025-06-05
T01388,C0490,Low,In Progress,2025-06-07
T01389,C0363,High,Open,2025-03-13
T01390,C0116,Low,In Progress,2025-06-13
T01391,C0222,Medium,Closed,2025-01-05
T01392,C0143,High,In Progress,2025-05-10
T01393,C0128,Low,In Progress,2025-04-28
T01394,C0220,Medium,Open,2025-03-29
T01395,C0223,High,Closed,2025-04-20
T01396,C0209,Low,Closed,2025-03-10
T01397,C0347,Medium,Closed,2025-05-19
T01398,C0030,High,Closed,2025-03-14
T01399,C0224,Medium,Open,2025-06-20
T01400,C0434,High,Open,2025-04-08
T01401,C0359,Medium,Open,2025-04-08
T01402,C0480,Medium,Open,2025-01-18
T01403,C0434,Low,Open,2025-06-07
T01404,C0412,Medium,In Progress,2025-06-29
T01405,C0355,High,Closed,2025-05-04
T01406,C0125,Medium,Open,2025-04-19
T01407,C0348,Low,In Progress,2025-05-23
T01408,C0178,Medium,In Progress,2025-06-08
T01409,C0172,High,Closed,2025-02-15
T01410,C0312,Medium,Open,2025-01-06
T01411,C0014,Low,Open,2025-05-25
T01412,C0104,Low,Open,2025-04-13
T01413,C0228,High,In Progress,2025-04-12
T01414,C0258,High,Open,2025-03-27
T01415,C0379,Medium,Closed,2025-06-08
T01416,C0182,Medium,Open,2025-06-28
T01417,C0181,Medium,Closed,2025-05-28
T01418,C0040,High,Open,2025-03-29
T01419,C0127,High,In Progress,2025-02-25
T01420,C0145,High,In Progress,2025-06-16
T01421,C0218,High,Closed,2025-01-04
T01422,C0079,Low,Open,2025-04-11
T01423,C0285,High,Open,2025-04-27
T01424,C0343,Medium,In Progress,2025-06-16
T01425,C0093,Medium,In Progress,2025-03-05
T01426,C0090,Low,Open,2025-06-16
T01427,C0291,Low,Closed,2025-04-12
T01428,C0039,High,Open,2025-05-24
T01429,C0200,Medium,Open,2025-04-19
T01430,C0362,Medium,Open,2025-04-08
T01431,C0436,Low,Closed,2025-01-28
T01432,C0485,Low,In Progress,2025-01-19
T01433,C0189,Low,In Progress,2025-01-18
T01434,C0419,High,Closed,2025-03-21
T01435,C0048,Medium,Closed,2025-06-29
T01436,C0405,Low,Closed,2025-01-18
T01437,C0352,Medium,Open,2025-05-06
T01438,C0340,High,In Progress,2025-03-04
T01439,C0236,Low,Open,2025-02-09
T01440,C0161,Low,In Progress,2025-04-22
T01441,C0123,Medium,Open,2025-06-25
T01442,C0086,High,Closed,2025-04-17
T01443,C0130,Medium,In Progress,2025-04-08
T01444,C0243,High,In Progress,2025-06-21
T01445,C0107,High,Closed,2025-02-24
T01446,C0352,Low,Open,2025-06-24
T01447,C0107,Medium,Closed,2025-06-21
T01448,C0406,Medium,Closed,2025-02-22
T01449,C0114,Medium,Closed,2025-06-07
T01450,C0193,High,Closed,2025-02-01
T01451,C0415,Medium,Closed,2025-06-29
T01452,C0409,Low,In Progress,2025-06-09
T01453,C0474,High,Open,2025-03-08
T01454,C0468,Low,Closed,2025-01-05
T01455,C0273,Medium,In Progress,2025-05-05
T01456,C0371,Medium,In Progress,2025-04-01
T01457,C0149,Low,Open,2025-04-04
T01458,C0174,High,Closed,2025-05-01
T01459,C0361,High,Open,2025-04-02
T01460,C0317,Low,Closed,2025-04-07
T01461,C0059,Low,Closed,2025-03-30
T01462,C0291,Low,In Progress,2025-04-23
T01463,C0354,Low,In Progress,2025-05-10
T01464,C0358,High,Open,2025-06-16
T01465,C0216,High,Closed,2025-01-02
T01466,C0248,High,Closed,2025-04-26
T01467,C0111,Low,Open,2025-04-27
T01468,C0323,High,Closed,2025-03-18
T01469,C0489,Low,In Progress,2025-04-04
T01470,C0251,Low,Open,2025-02-19
T01471,C0273,High,Open,2025-05-14
T01472,C0395,Medium,In Progress,2025-06-28
T01473,C0116,Medium,Open,2025-01-12
T01474,C0034,Medium,Open,2025-03-09
T01475,C0470,High,Closed,2025-03-15
T01476,C0032,High,In Progress,2025-06-29
T01477,C0074,Medium,Open,2025-05-13
T01478,C0069,Low,In Progress,2025-04-28
T01479,C0239,Medium,Closed,2025-05-06
T01480,C0212,Low,Closed,2025-02-24
T01481,C0134,Medium,Open,2025-04-01
T01482,C0183,Medium,Closed,2025-03-08
T01483,C0252,High,Open,2025-05-21
T01484,C0034,High,In Progress,2025-01-22
T01485,C0077,High,Closed,2025-06-27
T01486,C0043,High,In Progress,2025-02-21
T01487,C0433,High,Closed,2025-06-21
T01488,C0357,Medium,Closed,2025-05-29
T01489,C0061,Medium,Closed,2025-01-22
T01490,C0091,High,In Progress,2025-04-08
T01491,C0246,Medium,In Progress,2025-05-06
T01492,C0465,Medium,Open,2025-03-09
T01493,C0473,Low,Open,2025-01-17
T01494,C0335,Medium,Closed,2025-04-09
T01495,C0354,High,Closed,2025-04-24
T01496,C0386,High,Open,2025-02-13
T01497,C0425,Medium,Open,2025-03-14
T01498,C0488,Medium,Open,2025-05-28
T01499,C0195,Medium,Closed,2025-02-16
T01500,C0344,High,In Progress,2025-03-06
T01501,C0328,High,In Progress,2025-04-29
T01502,C0443,Medium,Open,2025-01-18
T01503,C0006,Low,Closed,2025-06-16
T01504,C0425,Medium,Open,2025-02-03
T01505,C0317,Medium,Closed,2025-03-21
T01506,C0379,Medium,Open,2025-01-23
T01507,C0400,Medium,Closed,2025-02-04
T01508,C0217,Medium,Open,2025-01-01
T01509,C0449,High,In Progress,2025-06-08
T01510,C0245,Low,In Progress,2025-04-04
T01511,C0015,High,In Progress,2025-04-30
T01512,C0146,Low,Open,2025-06-04
T01513,C0057,Low,Closed,2025-01-09
T01514,C0030,High,Closed,2025-01-19
T01515,C0327,Medium,Closed,2025-03-15
T01516,C0031,Low,Closed,2025-06-03
T01517,C0444,Medium,Closed,2025-02-21
T01518,C0450,High,In Progress,2025-03-31
T01519,C0051,Medium,Open,2025-01-10
T01520,C0161,Low,Closed,2025-05-19
T01521,C0436,Low,In Progress,2025-02-03
T01522,C0432,Medium,Closed,2025-03-18
T01523,C0470,Medium,In Progress,2025-01-28
T01524,C0278,High,Closed,2025-05-19
T01525,C0475,High,Closed,2025-04-04
T01526,C0317,High,In Progress,2025-04-15
T01527,C0093,Medium,Closed,2025-06-25
T01528,C0343,Medium,Closed,2025-06-22
T01529,C0280,Medium,Open,2025-06-10
T01530,C0351,Low,In Progress,2025-05-20
T01531,C0253,Low,Closed,2025-01-12
T01532,C0310,Low,Open,2025-02-16
T01533,C0433,Low,In Progress,2025-06-10
T01534,C0438,Low,Closed,2025-01-22
T01535,C0169,High,Open,2025-06-17
T01536,C0400,Medium,In Progress,2025-03-25
T01537,C0266,Medium,Open,2025-04-08
T01538,C0162,Medium,In Progress,2025-04-04
T01539,C0129,Medium,Closed,2025-03-27
T01540,C0024,Medium,In Progress,2025-03-27
T01541,C0389,Low,In Progress,2025-04-13
T01542,C0225,Medium,Open,2025-01-13
T01543,C0318,Low,Closed,2025-01-01
T01544,C0025,Medium,Open,2025-05-26
T01545,C0329,Medium,Open,2025-02-06
T01546,C0132,Medium,In Progress,2025-01-01
T01547,C0113,High,In Progress,2025-05-16
T01548,C0383,Medium,Closed,2025-04-09
T01549,C0355,Medium,Open,2025-06-20
T01550,C0428,Medium,Closed,2025-02-02
T01551,C0199,Low,Closed,2025-01-30
T01552,C0166,Medium,In Progress,2025-06-30
T01553,C0449,Medium,Open,2025-03-16
T01554,C0226,High,Open,2025-01-09
T01555,C0195,High,Open,2025-06-20
T01556,C0151,Medium,Open,2025-02-22
T01557,C0334,High,Closed,2025-01-23
T01558,C0384,Low,In Progress,2025-04-01
T01559,C0236,Medium,In Progress,2025-06-12
T01560,C0490,Medium,Open,2025-03-15
T01561,C0163,Low,Open,2025-06-18
T01562,C0245,Low,Open,2025-01-27
T01563,C0003,Medium,In Progress,2025-02-15
T01564,C0457,Medium,Open,2025-05-30
T01565,C0282,High,Closed,2025-01-03
T01566,C0247,High,Open,2025-04-30
T01567,C0463,High,In Progress,2025-05-11
T01568,C0278,Low,Closed,2025-03-22
T01569,C0418,High,Closed,2025-03-20
T01570,C0263,Low,In Progress,2025-02-02
T01571,C0082,Medium,In Progress,2025-04-11
T01572,C0452,Medium,Closed,2025-02-16
T01573,C0113,Low,Closed,2025-02-16
T01574,C0153,Low,In Progress,2025-03-31
T01575,C0030,Low,In Progress,2025-05-13
T01576,C0124,High,Open,2025-05-19
T01577,C0172,Low,Open,2025-06-14
T01578,C0076,High,In Progress,2025-01-30
T01579,C0322,Low,Closed,2025-03-30
T01580,C0298,High,Closed,2025-06-05
T01581,C0409,Low,Closed,2025-01-28
T01582,C0340,Low,Closed,2025-01-30
T01583,C0365,Low,Closed,2025-02-27
T01584,C0266,Low,Closed,2025-01-23
T01585,C0376,Low,Closed,2025-05-02
T01586,C0323,Medium,Open,2025-04-02
T01587,C0482,High,Open,2025-05-25
T01588,C0140,High,Open,2025-01-26
T01589,C0400,Medium,In Progress,2025-06-16
T01590,C0210,Low,Open,2025-04-18
T01591,C0094,High,In Progress,2025-05-10
T01592,C0338,Low,Closed,2025-06-14
T01593,C0413,Low,Closed,2025-06-17
T01594,C0408,Low,Closed,2025-01-19
T01595,C0340,Medium,Closed,2025-04-29
T01596,C0386,Medium,In Progress,2025-02-15
T01597,C0384,Low,In Progress,2025-05-26
T01598,C0418,Medium,Closed,2025-03-13
T01599,C0329,Low,Open,2025-01-15
T01600,C0133,Medium,In Progress,2025-02-26
T01601,C0174,Low,Closed,2025-01-25
T01602,C0116,Low,In Progress,2025-05-26
T01603,C0274,Low,Closed,2025-02-05
T01604,C0163,Low,Open,2025-02-21
T01605,C0310,Medium,In Progress,2025-02-09
T01606,C0097,High,In Progress,2025-04-02
T01607,C0376,Low,Closed,2025-06-11
T01608,C0442,Low,Closed,2025-01-05
T01609,C0279,High,Closed,2025-03-17
T01610,C0256,Medium,Open,2025-03-16
T01611,C0095,Medium,Open,2025-01-07
T01612,C0243,High,Open,2025-01-07
T01613,C0046,Low,In Progress,2025-01-30
T01614,C0351,Low,Closed,2025-01-01
T01615,C0215,High,Closed,2025-03-14
T01616,C0097,High,In Progress,2025-04-15
T01617,C0286,Low,In Progress,2025-03-31
T01618,C0483,Low,Open,2025-02-08
T01619,C0342,Medium,Open,2025-02-20
T01620,C0309,Medium,Open,2025-03-27
T01621,C0313,Medium,Closed,2025-05-06
T01622,C0429,High,Open,2025-03-18
T01623,C0457,Medium,Closed,2025-06-06
T01624,C0374,Low,Open,2025-05-12
T01625,C0488,Medium,Open,2025-02-08
T01626,C0296,Medium,In Progress,2025-03-30
T01627,C0319,Medium,Closed,2025-04-04
T01628,C0150,Medium,Open,2025-04-07
T01629,C0378,Low,In Progress,2025-03-05
T01630,C0039,Low,Open,2025-01-03
T01631,C0095,High,Closed,2025-05-07
T01632,C0249,High,Open,2025-05-31
T01633,C0110,High,Closed,2025-06-22
T01634,C0157,Low,Closed,2025-05-24
T01635,C0441,Low,Closed,2025-01-05
T01636,C0364,High,In Progress,2025-05-14
T01637,C0487,Low,Open,2025-03-20
T01638,C0127,Medium,In Progress,2025-02-17
T01639,C0305,High,Open,2025-06-22
T01640,C0145,High,Closed,2025-02-17
T01641,C0219,Low,Closed,2025-04-10
T01642,C0051,Low,In Progress,2025-06-26
T01643,C0028,High,Open,2025-06-24
T01644,C0339,Medium,In Progress,2025-05-13
T01645,C0316,Medium,In Progress,2025-01-08
T01646,C0082,Low,In Progress,2025-01-02
T01647,C0289,High,In Progress,2025-02-21
T01648,C0494,Medium,Open,2025-04-22
T01649,C0282,Low,In Progress,2025-02-06
T01650,C0213,Medium,Open,2025-03-29
T01651,C0488,Low,Closed,2025-05-24
T01652,C0365,Low,In Progress,2025-05-06
T01653,C0047,High,Closed,2025-04-24
T01654,C0317,High,Open,2025-04-10
T01655,C0158,Medium,Closed,2025-05-14
T01656,C0354,Medium,Open,2025-01-27
T01657,C0350,Medium,In Progress,2025-06-01
T01658,C0049,High,Open,2025-04-09
T01659,C0343,Low,In Progress,2025-01-30
T01660,C0034,Low,In Progress,2025-05-11
T01661,C0301,High,Open,2025-03-29
T01662,C0347,Medium,Closed,2025-01-27
T01663,C0018,High,Open,2025-03-04
T01664,C0034,Low,In Progress,2025-03-24
T01665,C0326,High,In Progress,2025-04-17
T01666,C0049,High,Closed,2025-05-16
T01667,C0158,Low,Open,2025-01-03
T01668,C0499,High,Closed,2025-01-19
T01669,C0415,High,Open,2025-02-09
T01670,C0008,Low,Closed,2025-06-28
T01671,C0307,Low,Closed,2025-01-14
T01672,C0369,High,Open,2025-05-02
T01673,C0095,Low,Closed,2025-04-30
T01674,C0413,Medium,In Progress,2025-06-17
T01675,C0330,Low,In Progress,2025-01-29
T01676,C0371,High,Open,2025-06-13
T01677,C0365,Low,In Progress,2025-03-05
T01678,C0051,Medium,In Progress,2025-05-10
T01679,C0374,High,Closed,2025-04-18
T01680,C0500,Low,Closed,2025-02-08
T01681,C0490,High,Closed,2025-03-31
T01682,C0484,High,Open,2025-05-18
T01683,C0429,Medium,In Progress,2025-02-13
T01684,C0231,Low,Closed,2025-04-14
T01685,C0182,High,Open,2025-02-27
T01686,C0443,High,Closed,2025-01-21
T01687,C0381,High,Open,2025-03-02
T01688,C0102,Medium,In Progress,2025-05-16
T01689,C0009,Low,In Progress,2025-06-14
T01690,C0393,Medium,Closed,2025-05-04
T01691,C0394,High,Closed,2025-01-23
T01692,C0150,Medium,Closed,2025-06-30
T01693,C0421,Medium,In Progress,2025-05-25
T01694,C0365,Low,In Progress,2025-01-27
T01695,C0171,High,Closed,2025-03-12
T01696,C0057,High,Open,2025-02-21
T01697,C0078,Medium,Open,2025-02-02
T01698,C0382,High,Open,2025-02-10
T01699,C0366,Medium,In Progress,2025-02-09
T01700,C0153,High,Open,2025-01-27
T01701,C0320,Low,Closed,2025-02-11
T01702,C0351,Medium,Open,2025-02-07
T01703,C0209,Medium,Closed,2025-01-05
T01704,C0164,Medium,Open,2025-06-27
T01705,C0197,High,In Progress,2025-01-23
T01706,C0401,Low,Closed,2025-01-10
T01707,C0231,High,In Progress,2025-04-09
T01708,C0297,High,Open,2025-06-06
T01709,C0389,High,In Progress,2025-01-25
T01710,C0163,High,In Progress,2025-03-14
T01711,C0256,Medium,In Progress,2025-03-21
T01712,C0010,High,Open,2025-04-03
T01713,C0035,Low,Open,2025-04-27
T01714,C0427,Medium,Closed,2025-05-09
T01715,C0085,High,Open,2025-04-01
T01716,C0290,Low,Closed,2025-05-16
T01717,C0106,Medium,In Progress,2025-04-21
T01718,C0252,Low,In Progress,2025-02-21
T01719,C0132,Medium,Open,2025-06-20
T01720,C0438,Medium,In Progress,2025-05-19
T01721,C0367,Low,Open,2025-06-18
T01722,C0131,Medium,Open,2025-03-16
T01723,C0383,Medium,Closed,2025-04-03
T01724,C0125,High,In Progress,2025-04-09
T01725,C0174,Low,Closed,2025-01-27
T01726,C0058,Low,Closed,2025-03-16
T01727,C0122,High,Open,2025-01-04
T01728,C0010,High,In Progress,2025-05-02
T01729,C0347,Medium,In Progress,2025-03-21
T01730,C0369,Low,Closed,2025-01-10
T01731,C0225,Medium,Closed,2025-06-05
T01732,C0055,Low,Open,2025-02-27
T01733,C0228,Low,Open,2025-04-30
T01734,C0358,Low,Open,2025-04-09
T01735,C0489,Low,In Progress,2025-06-13
T01736,C0487,Medium,In Progress,2025-06-22
T01737,C0176,Medium,Closed,2025-03-18
T01738,C0479,Low,Open,2025-06-05
T01739,C0429,Medium,In Progress,2025-06-18
T01740,C0292,Medium,Closed,2025-06-24
T01741,C0357,Medium,Closed,2025-04-18
T01742,C0038,Low,Closed,2025-02-16
T01743,C0340,Medium,Open,2025-04-16
T01744,C0010,High,Open,2025-02-28
T01745,C0070,High,Closed,2025-05-08
T01746,C0106,Medium,Open,2025-01-13
T01747,C0387,Low,Open,2025-04-20
T01748,C0073,Medium,Closed,2025-02-04
T01749,C0077,Low,In Progress,2025-06-01
T01750,C0189,Medium,Closed,2025-01-10
T01751,C0347,Low,Closed,2025-05-04
T01752,C0492,Low,Open,2025-01-12
T01753,C0263,High,Open,2025-05-07
T01754,C0363,Low,In Progress,2025-03-30
T01755,C0325,Medium,Open,2025-05-16
T01756,C0175,High,In Progress,2025-03-07
T01757,C0018,Medium,In Progress,2025-06-26
T01758,C0453,Medium,Closed,2025-02-08
T01759,C0088,Medium,Open,2025-02-17
T01760,C0133,High,Open,2025-03-12
T01761,C0424,High,In Progress,2025-02-17
T01762,C0354,Medium,In Progress,2025-06-19
T01763,C0166,High,Closed,2025-06-18
T01764,C0245,High,Closed,2025-03-07
T01765,C0184,High,Open,2025-01-22
T01766,C0274,Low,Closed,2025-05-22
T01767,C0133,High,Open,2025-05-31
T01768,C0237,High,Open,2025-06-14
T01769,C0184,High,Closed,2025-02-12
T01770,C0467,Low,In Progress,2025-04-15
T01771,C0048,Medium,In Progress,2025-02-10
T01772,C0270,High,Open,2025-03-23
T01773,C0239,High,Open,2025-06-10
T01774,C0150,Medium,In Progress,2025-06-01
T01775,C0425,Medium,Closed,2025-04-15
T01776,C0102,Medium,Closed,2025-06-15
T01777,C0120,Medium,Open,2025-02-14
T01778,C0276,High,Open,2025-04-18
T01779,C0231,Medium,Open,2025-02-14
T01780,C0397,High,Closed,2025-06-21
T01781,C0206,High,Closed,2025-04-23
T01782,C0194,High,In Progress,2025-05-30
T01783,C0476,High,Open,2025-01-28
T01784,C0454,High,Open,2025-05-18
T01785,C0034,Medium,In Progress,2025-01-03
T01786,C0174,Medium,In Progress,2025-06-30
T01787,C0113,Low,Open,2025-05-24
T01788,C0178,Medium,Open,2025-03-02
T01789,C0232,Medium,Open,2025-04-29
T01790,C0429,Medium,In Progress,2025-06-17
T01791,C0076,High,Open,2025-05-20
T01792,C0227,High,Closed,2025-04-03
T01793,C0491,Low,Closed,2025-01-27
T01794,C0491,High,Open,2025-03-28
T01795,C0360,High,In Progress,2025-03-08
T01796,C0153,Medium,Open,2025-01-05
T01797,C0489,Low,Open,2025-01-28
T01798,C0386,Low,Open,2025-06-13
T01799,C0138,Medium,In Progress,2025-01-29
T01800,C0142,Medium,Open,2025-03-20
T01801,C0044,High,Open,2025-06-01
T01802,C0459,High,Closed,2025-06-01
T01803,C0265,Low,Open,2025-05-21
T01804,C0466,Low,Open,2025-02-15
T01805,C0348,Low,Closed,2025-03-10
T01806,C0439,Medium,Closed,2025-05-05
T01807,C0176,High,In Progress,2025-01-27
T01808,C0351,Low,Closed,2025-04-29
T01809,C0194,Medium,Closed,2025-04-14
T01810,C0369,Low,Open,2025-02-13
T01811,C0412,High,In Progress,2025-06-05
T01812,C0437,Low,Closed,2025-05-22
T01813,C0235,Low,In Progress,2025-02-21
T01814,C0033,Low,In Progress,2025-05-05
T01815,C0292,High,In Progress,2025-04-23
T01816,C0099,Low,Closed,2025-06-14
T01817,C0120,Low,In Progress,2025-01-10
T01818,C0392,High,In Progress,2025-06-27
T01819,C0044,Medium,Open,2025-01-04
T01820,C0306,Low,Closed,2025-01-23
T01821,C0108,High,Closed,2025-06-19
T01822,C0445,Medium,Open,2025-05-26
T01823,C0273,High,Open,2025-03-30
T01824,C0236,Medium,In Progress,2025-03-13
T01825,C0439,Medium,Closed,2025-01-01
T01826,C0270,High,Closed,2025-03-06
T01827,C0212,Medium,Open,2025-03-09
T01828,C0333,Low,Open,2025-01-18
T01829,C0474,Medium,Closed,2025-02-10
T01830,C0425,Medium,In Progress,2025-04-03
T01831,C0493,Low,Open,2025-01-28
T01832,C0143,High,Closed,2025-04-25
T01833,C0486,High,Open,2025-02-28
T01834,C0167,High,Closed,2025-04-05
T01835,C0315,Medium,Open,2025-01-23
T01836,C0126,High,Open,2025-01-20
T01837,C0196,High,In Progress,2025-01-10
T01838,C0119,High,Closed,2025-06-21
T01839,C0193,High,In Progress,2025-02-05
T01840,C0238,Medium,In Progress,2025-01-08
T01841,C0117,Medium,Closed,2025-02-20
T01842,C0277,Medium,Closed,2025-01-05
T01843,C0304,Low,In Progress,2025-01-04
T01844,C0420,High,In Progress,2025-05-27
T01845,C0053,High,Open,2025-02-09
T01846,C0249,High,In Progress,2025-01-16
T01847,C0169,High,Open,2025-06-18
T01848,C0216,Low,Open,2025-01-10
T01849,C0116,Low,Closed,2025-06-11
T01850,C0489,Medium,In Progress,2025-01-29
T01851,C0104,High,Closed,2025-01-15
T01852,C0320,High,Open,2025-03-27
T01853,C0214,Medium,In Progress,2025-04-09
T01854,C0032,Low,Open,2025-02-14
T01855,C0318,High,In Progress,2025-04-29
T01856,C0171,Medium,Open,2025-04-12
T01857,C0366,Low,In Progress,2025-06-01
T01858,C0269,Medium,Closed,2025-05-30
T01859,C0321,High,Closed,2025-05-04
T01860,C0095,Low,Closed,2025-04-12
T01861,C0367,Low,Open,2025-05-07
T01862,C0125,Low,In Progress,2025-02-27
T01863,C0347,High,Closed,2025-04-18
T01864,C0298,Low,In Progress,2025-01-16
T01865,C0068,High,In Progress,2025-03-26
T01866,C0275,Low,Open,2025-05-25
T01867,C0304,Medium,Closed,2025-05-02
T01868,C0016,Medium,In Progress,2025-02-12
T01869,C0477,Medium,In Progress,2025-05-06
T01870,C0133,High,Open,2025-05-22
T01871,C0356,Medium,Open,2025-02-27
T01872,C0474,High,Open,2025-01-02
T01873,C0409,High,In Progress,2025-02-03
T01874,C0494,High,In Progress,2025-01-16
T01875,C0063,High,Closed,2025-04-07
T01876,C0470,Medium,Open,2025-01-21
T01877,C0319,Low,Open,2025-01-01
T01878,C0122,Low,Closed,2025-06-03
T01879,C0291,Medium,In Progress,2025-02-24
T01880,C0025,Medium,Open,2025-06-27
T01881,C0397,High,In Progress,2025-03-23
T01882,C0018,Medium,Open,2025-05-10
T01883,C0417,Medium,Open,2025-04-02
T01884,C0106,Medium,Closed,2025-02-27
T01885,C0393,Medium,In Progress,2025-02-22
T01886,C0187,Low,Closed,2025-01-18
T01887,C0229,High,Open,2025-03-06
T01888,C0416,Medium,Closed,2025-03-03
T01889,C0026,Low,In Progress,2025-05-11
T01890,C0427,Medium,Closed,2025-01-24
T01891,C0268,Low,Closed,2025-01-13
T01892,C0456,High,Open,2025-04-20
T01893,C0113,High,Closed,2025-06-19
T01894,C0323,High,Closed,2025-05-20
T01895,C0213,Low,Closed,2025-04-01
T01896,C0493,High,Closed,2025-05-08
T01897,C0217,High,In Progress,2025-03-13
T01898,C0119,Medium,Closed,2025-03-25
T01899,C0318,High,Closed,2025-01-01
T01900,C0448,Medium,In Progress,2025-04-22
T01901,C0470,Medium,Closed,2025-02-19
T01902,C0290,Medium,Open,2025-03-12
T01903,C0367,Low,Closed,2025-01-30
T01904,C0195,Low,Open,2025-05-26
T01905,C0032,Low,Closed,2025-06-19
T01906,C0382,High,Closed,2025-01-23
T01907,C0189,Low,Open,2025-03-07
T01908,C0183,High,Open,2025-04-07
T01909,C0391,Medium,Closed,2025-01-27
T01910,C0498,Medium,Closed,2025-06-27
T01911,C0350,Low,Closed,2025-02-11
T01912,C0431,High,Closed,2025-05-07
T01913,C0327,High,Open,2025-05-02
T01914,C0443,Medium,In Progress,2025-04-28
T01915,C0256,High,Closed,2025-05-22
T01916,C0481,Medium,Open,2025-04-02
T01917,C0228,High,Open,2025-04-01
T01918,C0397,Low,In Progress,2025-04-01
T01919,C0126,Low,Closed,2025-02-22
T01920,C0423,High,Open,2025-02-16
T01921,C0493,Medium,Closed,2025-05-28
T01922,C0162,Medium,Open,2025-03-02
T01923,C0175,Medium,In Progress,2025-03-20
T01924,C0232,High,Open,2025-06-05
T01925,C0406,Medium,Closed,2025-04-02
T01926,C0183,High,In Progress,2025-03-14
T01927,C0198,Low,Closed,2025-03-12
T01928,C0016,Low,Open,2025-06-26
T01929,C0067,Medium,Closed,2025-03-26
T01930,C0062,High,Closed,2025-01-03
T01931,C0313,High,In Progress,2025-05-22
T01932,C0500,High,Open,2025-05-26
T01933,C0234,High,Closed,2025-02-01
T01934,C0453,Low,Open,2025-06-04
T01935,C0080,Medium,In Progress,2025-01-14
T01936,C0306,Medium,In Progress,2025-03-16
T01937,C0074,High,Closed,2025-06-21
T01938,C0003,Low,Closed,2025-01-16
T01939,C0171,Medium,In Progress,2025-03-09
T01940,C0484,High,Closed,2025-05-14
T01941,C0274,Low,Open,2025-01-25
T01942,C0102,Low,Open,2025-04-15
T01943,C0140,Low,In Progress,2025-05-26
T01944,C0489,Medium,Open,2025-05-23
T01945,C0268,Low,In Progress,2025-04-25
T01946,C0198,Medium,In Progress,2025-05-31
T01947,C0312,Low,In Progress,2025-02-02
T01948,C0311,High,Closed,2025-05-19
T01949,C0040,High,In Progress,2025-01-22
T01950,C0286,Low,In Progress,2025-06-05
T01951,C0413,Low,Closed,2025-05-01
T01952,C0493,Low,Closed,2025-03-30
T01953,C0060,High,Open,2025-06-25
T01954,C0061,Medium,Closed,2025-03-26
T01955,C0405,Medium,In Progress,2025-06-14
T01956,C0467,High,Closed,2025-01-01
T01957,C0014,High,In Progress,2025-06-07
T01958,C0064,Low,Closed,2025-06-06
T01959,C0303,High,In Progress,2025-03-06
T01960,C0407,Low,Open,2025-03-08
T01961,C0254,Low,Open,2025-03-23
T01962,C0229,Low,Open,2025-03-16
T01963,C0065,Low,Closed,2025-03-07
T01964,C0023,High,Closed,2025-01-20
T01965,C0257,Medium,Closed,2025-06-04
T01966,C0003,Medium,Closed,2025-02-01
T01967,C0471,High,Closed,2025-04-23
T01968,C0329,Low,Closed,2025-04-12
T01969,C0190,Medium,In Progress,2025-01-29
T01970,C0349,Low,In Progress,2025-06-06
T01971,C0429,Medium,Open,2025-01-27
T01972,C0139,Low,Open,2025-06-21
T01973,C0260,Low,In Progress,2025-04-13
T01974,C0194,High,In Progress,2025-06-10
T01975,C0225,High,In Progress,2025-02-21
T01976,C0310,Low,In Progress,2025-03-20
T01977,C0124,High,Open,2025-04-27
T01978,C0135,Low,In Progress,2025-04-28
T01979,C0151,High,In Progress,2025-06-03
T01980,C0360,Low,In Progress,2025-05-30
T01981,C0333,High,Open,2025-05-14
T01982,C0073,High,Open,2025-05-03
T01983,C0060,Low,In Progress,2025-04-01
T01984,C0338,Low,Closed,2025-01-17
T01985,C0035,High,Open,2025-03-18
T01986,C0327,High,In Progress,2025-03-10
T01987,C0450,High,Closed,2025-06-10
T01988,C0137,Medium,Closed,2025-01-01
T01989,C0488,High,Open,2025-03-31
T01990,C0242,Medium,Closed,2025-05-20
T01991,C0489,Low,In Progress,2025-05-21
T01992,C0003,High,Open,2025-03-20
T01993,C0021,Medium,In Progress,2025-06-14
T01994,C0005,Low,Closed,2025-05-28
T01995,C0466,Low,Closed,2025-05-03
T01996,C0341,High,Open,2025-03-28
T01997,C0446,Medium,Open,2025-05-10
T01998,C0425,Medium,Open,2025-04-10
T01999,C0480,High,In Progress,2025-05-07
T02000,C0267,High,In Progress,2025-01-12
T02001,C0179,Low,Closed,2025-06-16
T02002,C0042,Low,Open,2025-05-21
T02003,C0265,Medium,In Progress,2025-03-07
T02004,C0135,Medium,Closed,2025-06-06
T02005,C0113,Medium,In Progress,2025-01-15
T02006,C0107,High,Closed,2025-01-22
T02007,C0300,High,Closed,2025-01-27
T02008,C0380,High,Open,2025-05-18
T02009,C0359,Medium,Open,2025-06-01
T02010,C0226,Medium,Open,2025-02-25
T02011,C0038,High,Closed,2025-01-10
T02012,C0310,Low,Open,2025-01-28
T02013,C0080,High,Open,2025-03-16
T02014,C0177,Medium,Closed,2025-04-21
T02015,C0125,High,Closed,2025-05-31
T02016,C0075,Medium,Open,2025-02-22
T02017,C0402,High,Closed,2025-02-04
T02018,C0372,High,Open,2025-06-13
T02019,C0093,High,In Progress,2025-06-04
T02020,C0006,Medium,Closed,2025-03-28
T02021,C0109,High,Open,2025-02-06
T02022,C0169,High,In Progress,2025-03-17
T02023,C0477,Medium,Open,2025-03-21
T02024,C0256,Low,Open,2025-04-24
T02025,C0433,High,Closed,2025-06-03
T02026,C0293,High,Closed,2025-06-01
T02027,C0130,Low,In Progress,2025-03-02
T02028,C0405,High,Closed,2025-02-03
T02029,C0051,Medium,In Progress,2025-05-24
T02030,C0072,Low,In Progress,2025-03-27
T02031,C0168,Low,In Progress,2025-01-16
T02032,C0405,High,Open,2025-05-26
T02033,C0460,Low,Open,2025-02-14
T02034,C0315,Medium,Closed,2025-01-20
T02035,C0341,Medium,Open,2025-03-01
T02036,C0050,Low,Closed,2025-01-12
T02037,C0440,High,In Progress,2025-01-23
T02038,C0126,Medium,Closed,2025-01-06
T02039,C0486,High,Closed,2025-04-30
T02040,C0348,Medium,Open,2025-02-23
T02041,C0177,High,Open,2025-03-16
T02042,C0002,Low,In Progress,2025-06-09
T02043,C0446,High,Open,2025-01-10
T02044,C0338,Low,In Progress,2025-06-04
T02045,C0467,Medium,Open,2025-03-26
T02046,C0232,Low,Open,2025-05-29
T02047,C0339,High,In Progress,2025-06-09
T02048,C0309,Low,In Progress,2025-05-30
T02049,C0222,High,In Progress,2025-06-07
T02050,C0362,Low,Closed,2025-05-10
T02051,C0270,High,Open,2025-01-25
T02052,C0499,Low,In Progress,2025-06-03
T02053,C0351,Low,Closed,2025-04-20
T02054,C0330,High,In Progress,2025-04-24
T02055,C0480,Medium,Open,2025-04-02
T02056,C0255,High,In Progress,2025-06-22
T02057,C0086,Low,Open,2025-03-15
T02058,C0092,High,In Progress,2025-03-14
T02059,C0365,High,Open,2025-05-20
T02060,C0451,Low,Open,2025-04-25
T02061,C0072,High,Closed,2025-05-26
T02062,C0252,Low,Closed,2025-03-25
T02063,C0079,Medium,Closed,2025-04-13
T02064,C0001,High,Open,2025-05-08
T02065,C0189,High,Open,2025-06-28
T02066,C0214,Low,Closed,2025-03-06
T02067,C0258,High,Closed,2025-02-02
T02068,C0101,Low,Open,2025-06-16
T02069,C0283,Low,Closed,2025-02-26
T02070,C0377,Low,Closed,2025-05-24
T02071,C0480,Low,In Progress,2025-02-12
T02072,C0136,Medium,Open,2025-01-18
T02073,C0189,Low,Closed,2025-01-22
T02074,C0481,Low,Open,2025-06-23
T02075,C0498,Medium,In Progress,2025-01-25
T02076,C0173,Low,Open,2025-06-27
T02077,C0348,Low,In Progress,2025-01-26
T02078,C0055,Low,Open,2025-06-05
T02079,C0466,High,Closed,2025-03-15
T02080,C0396,Medium,In Progress,2025-03-11
T02081,C0383,Low,Closed,2025-04-26
T02082,C0108,Low,In Progress,2025-04-20
T02083,C0196,High,Closed,2025-03-16
T02084,C0221,Low,Open,2025-05-02
T02085,C0449,Medium,Open,2025-03-07
T02086,C0108,High,Open,2025-05-04
T02087,C0223,Medium,Open,2025-06-17
T02088,C0465,High,Closed,2025-01-15
T02089,C0157,Low,Open,2025-02-17
T02090,C0016,High,Open,2025-02-28
T02091,C0400,High,Closed,2025-02-22
T02092,C0452,Low,Open,2025-04-15
T02093,C0043,Low,Open,2025-02-16
T02094,C0086,Medium,In Progress,2025-03-11
T02095,C0242,Low,In Progress,2025-02-26
T02096,C0249,Medium,Open,2025-06-04
T02097,C0278,Low,In Progress,2025-04-05
T02098,C0217,Low,Closed,2025-02-13
T02099,C0326,High,Open,2025-05-29
T02100,C0439,Low,Closed,2025-01-27
T02101,C0117,High,In Progress,2025-04-05
T02102,C0339,High,Open,2025-01-01
T02103,C0123,High,Open,2025-06-11
T02104,C0458,High,Closed,2025-02-09
T02105,C0098,High,Open,2025-04-18
T02106,C0247,High,Closed,2025-01-10
T02107,C0123,Medium,Open,2025-02-16
T02108,C0111,Medium,Closed,2025-01-01
T02109,C0034,Medium,Closed,2025-03-19
T02110,C0304,Medium,Closed,2025-01-13
T02111,C0316,Low,In Progress,2025-01-28
T02112,C0397,Low,In Progress,2025-05-05
T02113,C0391,Low,Closed,2025-04-03
T02114,C0059,Medium,Closed,2025-05-20
T02115,C0287,High,Open,2025-01-08
T02116,C0439,Low,Closed,2025-03-18
T02117,C0119,Low,In Progress,2025-05-18
T02118,C0155,Medium,Open,2025-01-21
T02119,C0234,Medium,In Progress,2025-05-30
T02120,C0038,Low,Open,2025-06-15
T02121,C0258,Medium,Open,2025-05-13
T02122,C0137,Medium,Open,2025-03-27
T02123,C0342,High,Open,2025-05-04
T02124,C0164,Medium,Closed,2025-05-31
T02125,C0198,Low,In Progress,2025-02-03
T02126,C0058,Medium,Open,2025-05-22
T02127,C0308,High,Open,2025-01-02
T02128,C0222,Medium,In Progress,2025-05-08
T02129,C0101,Low,Closed,2025-02-03
T02130,C0147,Low,Closed,2025-01-04
T02131,C0423,High,Open,2025-05-28
T02132,C0411,Medium,Open,2025-03-01
T02133,C0458,Medium,Open,2025-05-26
T02134,C0488,High,Open,2025-04-09
T02135,C0299,Medium,Closed,2025-03-06
T02136,C0193,Medium,In Progress,2025-04-15
T02137,C0014,Low,Closed,2025-02-23
T02138,C0381,Medium,Open,2025-06-11
T02139,C0227,Medium,Open,2025-06-22
T02140,C0203,Low,Closed,2025-06-25
T02141,C0263,Medium,Closed,2025-06-23
T02142,C0131,High,In Progress,2025-01-16
T02143,C0445,Low,Open,2025-04-18
T02144,C0477,Medium,In Progress,2025-04-28
T02145,C0491,Low,Closed,2025-02-17
T02146,C0347,Low,In Progress,2025-01-27
T02147,C0022,Medium,Closed,2025-02-13
T02148,C0332,Low,In Progress,2025-05-27
T02149,C0113,Medium,Closed,2025-04-11
T02150,C0173,Medium,In Progress,2025-05-17
T02151,C0146,Medium,In Progress,2025-01-01
T02152,C0216,High,Closed,2025-04-16
T02153,C0439,Medium,Closed,2025-04-27
T02154,C0384,High,Closed,2025-05-10
T02155,C0429,Medium,Closed,2025-05-24
T02156,C0086,High,Closed,2025-06-16
T02157,C0135,Low,In Progress,2025-03-23
T02158,C0486,Low,In Progress,2025-04-03
T02159,C0061,Medium,Open,2025-03-04
T02160,C0398,High,Closed,2025-04-23
T02161,C0075,Medium,Closed,2025-03-27
T02162,C0243,Medium,In Progress,2025-04-12
T02163,C0487,Low,Closed,2025-02-14
T02164,C0340,Medium,In Progress,2025-05-15
T02165,C0226,Low,Closed,2025-03-27
T02166,C0472,High,Closed,2025-06-14
T02167,C0130,Low,Open,2025-06-27
T02168,C0127,Medium,Closed,2025-06-18
T02169,C0080,Low,Closed,2025-03-15
T02170,C0311,Medium,Open,2025-01-24
T02171,C0265,High,Open,2025-03-25
T02172,C0270,High,Closed,2025-02-17
T02173,C0359,Medium,Closed,2025-01-10
T02174,C0438,Low,In Progress,2025-05-19
T02175,C0388,Medium,In Progress,2025-03-07
T02176,C0500,Low,Closed,2025-01-02
T02177,C0217,Low,Open,2025-05-15
T02178,C0057,Medium,Closed,2025-06-25
T02179,C0051,High,In Progress,2025-01-26
T02180,C0364,Medium,Open,2025-02-08
T02181,C0257,Low,Closed,2025-06-18
T02182,C0053,High,In Progress,2025-05-16
T02183,C0307,Medium,Closed,2025-04-26
T02184,C0162,High,Open,2025-03-11
T02185,C0185,Medium,In Progress,2025-03-05
T02186,C0140,Medium,In Progress,2025-05-04
T02187,C0030,High,Closed,2025-05-11
T02188,C0126,Low,Open,2025-05-01
T02189,C0453,High,Open,2025-02-04
T02190,C0024,Low,In Progress,2025-02-12
T02191,C0279,High,In Progress,2025-05-07
T02192,C0257,High,Closed,2025-05-14
T02193,C0039,Low,In Progress,2025-06-28
T02194,C0360,High,Open,2025-05-26
T02195,C0186,High,Open,2025-03-21
T02196,C0090,Low,Closed,2025-05-30
T02197,C0143,Low,Closed,2025-06-13
T02198,C0318,High,In Progress,2025-04-17
T02199,C0079,Medium,Closed,2025-04-05
T02200,C0222,Low,Open,2025-02-07
T02201,C0372,Medium,In Progress,2025-04-20
T02202,C0194,Low,Open,2025-03-01
T02203,C0191,Medium,In Progress,2025-01-17
T02204,C0497,Medium,Open,2025-03-30
T02205,C0381,Low,Open,2025-04-24
T02206,C0484,Low,Closed,2025-04-03
T02207,C0014,Low,Open,2025-04-01
T02208,C0019,Medium,In Progress,2025-05-23
T02209,C0414,Medium,In Progress,2025-01-18
T02210,C0399,Medium,Open,2025-01-10
T02211,C0470,Medium,Closed,2025-03-24
T02212,C0452,Medium,In Progress,2025-01-16
T02213,C0123,Low,In Progress,2025-03-05
T02214,C0371,Medium,In Progress,2025-02-24
T02215,C0047,Low,Closed,2025-03-03
T02216,C0277,High,In Progress,2025-05-05
T02217,C0294,Low,Open,2025-06-06
T02218,C0347,Medium,Open,2025-03-26
T02219,C0445,High,Closed,2025-05-22
T02220,C0477,Low,Open,2025-03-06
T02221,C0382,Low,Open,2025-02-26
T02222,C0139,Low,In Progress,2025-06-06
T02223,C0028,Low,Closed,2025-03-22
T02224,C0476,Low,Open,2025-03-06
T02225,C0044,Low,Open,2025-01-17
T02226,C0143,Low,Closed,2025-05-16
T02227,C0433,High,In Progress,2025-04-14
T02228,C0312,Medium,Closed,2025-05-09
T02229,C0110,Medium,In Progress,2025-06-25
T02230,C0494,Medium,In Progress,2025-05-04
T02231,C0195,Low,In Progress,2025-03-08
T02232,C0074,Low,Closed,2025-06-26
T02233,C0014,Medium,In Progress,2025-03-18
T02234,C0154,Medium,Closed,2025-01-30
T02235,C0300,High,Closed,2025-04-23
T02236,C0177,Low,In Progress,2025-03-15
T02237,C0268,Medium,Open,2025-04-08
T02238,C0105,Medium,In Progress,2025-01-17
T02239,C0141,Medium,Closed,2025-02-12
T02240,C0443,Medium,In Progress,2025-01-28
T02241,C0390,Medium,In Progress,2025-01-30
T02242,C0190,Medium,Closed,2025-06-12
T02243,C0385,Medium,Open,2025-03-02
T02244,C0076,Medium,In Progress,2025-02-02
T02245,C0385,Low,In Progress,2025-04-11
T02246,C0290,High,Closed,2025-06-29
T02247,C0302,Low,Closed,2025-04-13
T02248,C0461,High,Open,2025-02-14
T02249,C0469,High,In Progress,2025-06-03
T02250,C0118,Low,Open,2025-04-07
T02251,C0121,Low,Closed,2025-05-19
T02252,C0459,High,In Progress,2025-06-11
T02253,C0039,Medium,Open,2025-04-04
T02254,C0223,Low,In Progress,2025-01-31
T02255,C0106,Low,In Progress,2025-04-21
T02256,C0350,Medium,Closed,2025-05-05
T02257,C0070,Low,Open,2025-04-05
T02258,C0205,Medium,Closed,2025-03-04
T02259,C0375,High,Open,2025-05-24
T02260,C0224,Medium,Closed,2025-02-19
T02261,C0063,High,Open,2025-01-16
T02262,C0210,Low,Closed,2025-04-13
T02263,C0214,Low,In Progress,2025-05-26
T02264,C0313,Medium,Open,2025-06-19
T02265,C0326,Medium,Closed,2025-05-21
T02266,C0149,High,Closed,2025-01-31
T02267,C0403,Low,Open,2025-05-26
T02268,C0154,High,Closed,2025-01-10
T02269,C0159,High,Open,2025-06-22
T02270,C0041,Medium,Closed,2025-05-27
T02271,C0237,Low,In Progress,2025-05-20
T02272,C0420,High,In Progress,2025-04-09
T02273,C0067,High,Closed,2025-02-03
T02274,C0100,Medium,In Progress,2025-06-18
T02275,C0125,Medium,Open,2025-05-04
T02276,C0313,High,In Progress,2025-01-27
T02277,C0333,Low,Open,2025-06-22
T02278,C0010,Medium,Closed,2025-06-29
T02279,C0311,High,In Progress,2025-03-26
T02280,C0072,High,In Progress,2025-05-27
T02281,C0025,Medium,Closed,2025-03-14
T02282,C0384,Medium,Closed,2025-02-25
T02283,C0337,High,In Progress,2025-03-19
T02284,C0066,High,In Progress,2025-06-30
T02285,C0428,Low,Closed,2025-02-24
T02286,C0061,High,In Progress,2025-01-20
T02287,C0386,Medium,In Progress,2025-02-28
T02288,C0100,Medium,Closed,2025-06-17
T02289,C0295,Medium,In Progress,2025-05-18
T02290,C0388,Low,Open,2025-03-29
T02291,C0243,Medium,In Progress,2025-01-14
T02292,C0289,High,Closed,2025-05-16
T02293,C0049,Low,Open,2025-02-12
T02294,C0275,Medium,Closed,2025-06-18
T02295,C0273,Medium,Closed,2025-06-15
T02296,C0058,Low,In Progress,2025-05-21
T02297,C0162,Low,In Progress,2025-05-06
T02298,C0401,Medium,In Progress,2025-01-17
T02299,C0202,Low,Closed,2025-01-19
T02300,C0445,Medium,Open,2025-02-18
T02301,C0410,High,In Progress,2025-06-20
T02302,C0168,Low,Closed,2025-03-27
T02303,C0423,Medium,Closed,2025-06-12
T02304,C0265,High,Closed,2025-06-25
T02305,C0381,High,Open,2025-02-02
T02306,C0459,Medium,In Progress,2025-03-24
T02307,C0344,High,In Progress,2025-03-21
T02308,C0251,Low,In Progress,2025-02-19
T02309,C0137,High,Open,2025-04-04
T02310,C0422,Low,Closed,2025-01-04
T02311,C0439,Medium,In Progress,2025-01-12
T02312,C0279,High,Closed,2025-02-14
T02313,C0277,Medium,In Progress,2025-02-14
T02314,C0161,Low,Open,2025-05-13
T02315,C0454,Medium,In Progress,2025-02-28
T02316,C0319,Low,Closed,2025-06-24
T02317,C0209,Low,Open,2025-06-26
T02318,C0053,Low,Closed,2025-01-23
T02319,C0460,High,In Progress,2025-05-15
T02320,C0028,Medium,Open,2025-06-10
T02321,C0239,High,In Progress,2025-06-09
T02322,C0054,High,Closed,2025-06-28
T02323,C0021,Medium,In Progress,2025-01-11
T02324,C0151,High,Closed,2025-06-24
T02325,C0016,High,Open,2025-03-28
T02326,C0349,Low,Closed,2025-03-06
T02327,C0328,Low,Open,2025-06-18
T02328,C0500,Low,Closed,2025-05-06
T02329,C0305,Low,In Progress,2025-03-12
T02330,C0267,Medium,In Progress,2025-04-15
T02331,C0087,Medium,Open,2025-04-12
T02332,C0361,Medium,Closed,2025-03-21
T02333,C0492,High,Closed,2025-01-31
T02334,C0334,Medium,Open,2025-06-14
T02335,C0056,High,In Progress,2025-02-27
T02336,C0121,Medium,Open,2025-03-26
T02337,C0354,High,In Progress,2025-06-15
T02338,C0080,Medium,Open,2025-05-08
T02339,C0152,Low,In Progress,2025-05-02
T02340,C0291,Medium,Closed,2025-01-01
T02341,C0398,Medium,In Progress,2025-01-23
T02342,C0156,High,Closed,2025-01-27
T02343,C0326,Medium,Open,2025-02-23
T02344,C0368,Medium,Open,2025-03-08
T02345,C0267,Low,Open,2025-06-11
T02346,C0463,Medium,Open,2025-06-23
T02347,C0236,Medium,Closed,2025-03-15
T02348,C0184,High,Closed,2025-03-14
T02349,C0369,Low,In Progress,2025-05-08
T02350,C0228,Medium,Open,2025-03-16
T02351,C0362,High,Closed,2025-03-31
T02352,C0170,High,Closed,2025-06-30
T02353,C0252,Low,In Progress,2025-05-29
T02354,C0376,Medium,Closed,2025-03-30
T02355,C0407,High,Closed,2025-04-01
T02356,C0486,Medium,Open,2025-01-06
T02357,C0128,Low,Closed,2025-01-17
T02358,C0247,Low,Closed,2025-06-22
T02359,C0177,High,Open,2025-02-03
T02360,C0374,Medium,In Progress,2025-01-07
T02361,C0288,High,Open,2025-04-08
T02362,C0298,Medium,Closed,2025-05-20
T02363,C0299,Low,Open,2025-05-30
T02364,C0184,Medium,Open,2025-01-12
T02365,C0193,High,In Progress,2025-04-05
T02366,C0068,High,In Progress,2025-01-15
T02367,C0184,Low,In Progress,2025-05-14
T02368,C0460,Medium,Closed,2025-01-18
T02369,C0484,Medium,In Progress,2025-06-16
T02370,C0382,Medium,Open,2025-06-09
T02371,C0424,Low,In Progress,2025-05-10
T02372,C0140,Medium,Closed,2025-04-05
T02373,C0104,Medium,Closed,2025-01-27
T02374,C0341,Medium,Closed,2025-03-02
T02375,C0243,Medium,Closed,2025-03-27
T02376,C0444,Medium,Open,2025-01-13
T02377,C0481,Medium,In Progress,2025-04-27
T02378,C0216,Low,In Progress,2025-06-18
T02379,C0379,High,Closed,2025-02-23
T02380,C0033,Medium,Closed,2025-04-23
T02381,C0475,High,In Progress,2025-05-01
T02382,C0097,High,Closed,2025-03-18
T02383,C0087,Medium,Open,2025-04-16
T02384,C0414,Low,In Progress,2025-06-19
T02385,C0138,High,In Progress,2025-03-26
T02386,C0306,Low,In Progress,2025-06-13
T02387,C0324,Low,In Progress,2025-06-08
T02388,C0378,High,Open,2025-02-11
T02389,C0398,High,Closed,2025-02-23
T02390,C0166,Medium,Open,2025-01-28
T02391,C0229,Low,Closed,2025-02-05
T02392,C0433,High,Closed,2025-06-03
T02393,C0441,High,Open,2025-06-26
T02394,C0092,Medium,Open,2025-02-26
T02395,C0500,High,In Progress,2025-04-07
T02396,C0033,Medium,Closed,2025-01-01
T02397,C0218,High,Open,2025-04-11
T02398,C0106,Low,In Progress,2025-03-09
T02399,C0337,Low,In Progress,2025-01-18
T02400,C0354,Medium,In Progress,2025-04-29
T02401,C0404,Low,In Progress,2025-04-09
T02402,C0089,High,Open,2025-03-25
T02403,C0333,High,In Progress,2025-04-03
T02404,C0006,Medium,Closed,2025-04-23
T02405,C0150,High,Closed,2025-03-21
T02406,C0039,Medium,Open,2025-03-15
T02407,C0297,High,In Progress,2025-04-15
T02408,C0491,High,In Progress,2025-06-01
T02409,C0099,High,Open,2025-02-02
T02410,C0029,High,In Progress,2025-03-08
T02411,C0472,Medium,In Progress,2025-06-24
T02412,C0047,Medium,In Progress,2025-04-20
T02413,C0264,Low,Open,2025-05-08
T02414,C0447,High,Closed,2025-01-01
T02415,C0111,Medium,Closed,2025-05-17
T02416,C0425,Low,Open,2025-01-21
T02417,C0444,Medium,Closed,2025-03-06
T02418,C0182,Medium,In Progress,2025-01-08
T02419,C0218,High,In Progress,2025-04-16
T02420,C0170,Low,Closed,2025-05-09
T02421,C0230,High,Open,2025-02-14
T02422,C0261,High,In Progress,2025-06-12
T02423,C0169,Medium,In Progress,2025-01-08
T02424,C0499,Medium,Closed,2025-06-29
T02425,C0260,Low,Open,2025-05-01
T02426,C0185,Low,Closed,2025-04-02
T02427,C0275,Low,Open,2025-04-02
T02428,C0236,Low,Closed,2025-05-28
T02429,C0405,High,Open,2025-02-15
T02430,C0347,High,Closed,2025-02-18
T02431,C0497,Low,Closed,2025-06-17
T02432,C0280,Low,Open,2025-03-13
T02433,C0069,Low,Open,2025-03-17
T02434,C0384,Medium,Closed,2025-05-07
T02435,C0070,Medium,Open,2025-04-25
T02436,C0153,Low,Closed,2025-03-05
T02437,C0197,Medium,Closed,2025-03-26
T02438,C0368,Low,Open,2025-03-30
T02439,C0169,Low,In Progress,2025-04-30
T02440,C0425,High,In Progress,2025-06-27
T02441,C0113,Low,Open,2025-03-12
T02442,C0493,Medium,Open,2025-04-01
T02443,C0205,Low,Open,2025-04-20
T02444,C0234,High,In Progress,2025-03-17
T02445,C0211,Low,Closed,2025-01-23
T02446,C0356,Medium,Closed,2025-03-26
T02447,C0453,High,Open,2025-03-17
T02448,C0341,High,In Progress,2025-03-21
T02449,C0041,High,Closed,2025-06-03
T02450,C0063,High,Closed,2025-06-24
T02451,C0034,Low,Open,2025-03-16
T02452,C0473,Low,In Progress,2025-05-01
T02453,C0302,Low,Open,2025-02-03
T02454,C0115,Low,Closed,2025-04-29
T02455,C0054,Low,In Progress,2025-05-30
T02456,C0265,High,Closed,2025-06-19
T02457,C0315,Medium,Closed,2025-06-09
T02458,C0068,Low,Open,2025-05-09
T02459,C0292,Medium,In Progress,2025-06-18
T02460,C0360,High,Closed,2025-05-31
T02461,C0293,Medium,Closed,2025-04-29
T02462,C0198,High,Open,2025-06-14
T02463,C0198,Low,In Progress,2025-05-24
T02464,C0488,High,Closed,2025-03-16
T02465,C0380,Medium,Open,2025-01-31
T02466,C0139,Medium,Closed,2025-01-23
T02467,C0145,Low,Closed,2025-06-26
T02468,C0418,Medium,Open,2025-03-04
T02469,C0291,Medium,Closed,2025-06-23
T02470,C0433,Low,Closed,2025-01-30
T02471,C0264,High,Closed,2025-03-10
T02472,C0262,Low,Closed,2025-02-11
T02473,C0052,High,In Progress,2025-03-01
T02474,C0449,High,Closed,2025-01-26
T02475,C0479,Low,In Progress,2025-03-03
T02476,C0059,Low,Open,2025-02-06
T02477,C0118,Medium,Closed,2025-03-29
T02478,C0444,Low,In Progress,2025-01-13
T02479,C0311,Low,Closed,2025-04-15
T02480,C0327,Low,Open,2025-04-01
T02481,C0147,Medium,In Progress,2025-03-25
T02482,C0343,High,Closed,2025-05-09
T02483,C0045,Low,In Progress,2025-06-03
T02484,C0269,Medium,Closed,2025-04-26
T02485,C0436,High,Closed,2025-03-01
T02486,C0082,High,In Progress,2025-03-14
T02487,C0070,Low,In Progress,2025-03-14
T02488,C0299,High,In Progress,2025-01-08
T02489,C0427,Low,In Progress,2025-04-09
T02490,C0335,Medium,In Progress,2025-02-24
T02491,C0065,High,Open,2025-05-24
T02492,C0329,Low,In Progress,2025-01-03
T02493,C0111,Medium,Closed,2025-04-26
T02494,C0492,Medium,Open,2025-02-11
T02495,C0095,Medium,In Progress,2025-04-30
T02496,C0032,Medium,In Progress,2025-01-03
T02497,C0483,High,Open,2025-04-25
T02498,C0377,High,In Progress,2025-06-22
T02499,C0352,High,Open,2025-05-06
T02500,C0276,Medium,In Progress,2025-04-09
T02501,C0098,High,In Progress,2025-05-09
T02502,C0320,Medium,Closed,2025-01-05
T02503,C0230,Medium,Closed,2025-05-31
T02504,C0217,High,Closed,2025-06-17
T02505,C0483,High,Closed,2025-03-04
T02506,C0370,Low,Open,2025-05-19
T02507,C0311,Low,Open,2025-04-30
T02508,C0335,Medium,In Progress,2025-06-04
T02509,C0273,High,In Progress,2025-04-03
T02510,C0481,Medium,Closed,2025-01-06
T02511,C0454,High,In Progress,2025-04-26
T02512,C0155,High,In Progress,2025-01-01
T02513,C0363,Medium,Open,2025-05-16
T02514,C0266,Medium,In Progress,2025-02-12
T02515,C0422,High,In Progress,2025-03-22
T02516,C0427,Medium,Open,2025-05-15
T02517,C0191,Medium,In Progress,2025-03-10
T02518,C0417,Medium,Open,2025-04-29
T02519,C0402,Medium,Open,2025-01-23
T02520,C0217,Low,Open,2025-02-17
T02521,C0231,High,In Progress,2025-05-09
T02522,C0474,High,In Progress,2025-04-06
T02523,C0122,Medium,In Progress,2025-05-20
T02524,C0109,Low,In Progress,2025-06-14
T02525,C0125,Low,In Progress,2025-06-07
T02526,C0044,High,Open,2025-06-26
T02527,C0315,Low,Closed,2025-02-12
T02528,C0027,Low,In Progress,2025-02-05
T02529,C0126,Medium,Closed,2025-06-19
T02530,C0224,Medium,In Progress,2025-03-19
T02531,C0246,Low,Closed,2025-06-12
T02532,C0218,High,Open,2025-04-22
T02533,C0382,High,Open,2025-01-01
T02534,C0482,High,Closed,2025-02-07
T02535,C0161,Medium,Open,2025-06-20
T02536,C0246,Medium,Closed,2025-02-01
T02537,C0473,High,Closed,2025-03-26
T02538,C0230,Low,Open,2025-03-05
T02539,C0480,Low,In Progress,2025-02-08
T02540,C0235,Low,In Progress,2025-03-26
T02541,C0216,Medium,Open,2025-02-18
T02542,C0175,Medium,Closed,2025-05-05
T02543,C0493,Medium,In Progress,2025-01-13
T02544,C0122,High,In Progress,2025-03-26
T02545,C0214,Medium,Closed,2025-04-07
T02546,C0317,Low,Closed,2025-04-17
T02547,C0022,Low,Closed,2025-06-10
T02548,C0238,High,Closed,2025-04-04
T02549,C0114,Medium,Open,2025-05-30
T02550,C0238,High,Closed,2025-01-26
T02551,C0131,Medium,In Progress,2025-02-08
T02552,C0322,Medium,In Progress,2025-04-27
T02553,C0205,Medium,In Progress,2025-05-05
T02554,C0257,High,Closed,2025-01-20
T02555,C0097,Low,In Progress,2025-06-02
T02556,C0071,Low,Closed,2025-04-19
T02557,C0352,Medium,In Progress,2025-04-03
T02558,C0018,High,Closed,2025-04-19
T02559,C0084,High,Open,2025-05-22
T02560,C0454,High,Closed,2025-04-09
T02561,C0422,High,Closed,2025-01-29
T02562,C0194,Low,In Progress,2025-02-23
T02563,C0047,High,Closed,2025-03-27
T02564,C0131,Low,Closed,2025-02-05
T02565,C0064,Medium,Closed,2025-05-31
T02566,C0108,Low,Open,2025-01-15
T02567,C0201,High,In Progress,2025-01-03
T02568,C0486,Low,Open,2025-01-12
T02569,C0173,Medium,In Progress,2025-06-30
T02570,C0495,Low,In Progress,2025-05-08
T02571,C0197,High,Closed,2025-03-14
T02572,C0266,Medium,In Progress,2025-02-18
T02573,C0192,Low,Closed,2025-03-04
T02574,C0109,High,In Progress,2025-05-05
T02575,C0230,High,Closed,2025-05-29
T02576,C0135,Low,Open,2025-02-06
T02577,C0376,Medium,In Progress,2025-05-01
T02578,C0310,High,Open,2025-02-02
T02579,C0422,Low,Closed,2025-05-10
T02580,C0434,High,Closed,2025-04-17
T02581,C0196,Medium,Open,2025-01-21
T02582,C0039,High,In Progress,2025-02-24
T02583,C0344,Medium,Open,2025-02-25
T02584,C0027,Medium,In Progress,2025-03-09
T02585,C0249,Medium,Open,2025-04-07
T02586,C0043,Low,In Progress,2025-02-13
T02587,C0184,Low,In Progress,2025-06-12
T02588,C0239,Medium,Closed,2025-05-20
T02589,C0206,Medium,In Progress,2025-03-06
T02590,C0286,Medium,In Progress,2025-06-09
T02591,C0151,High,Closed,2025-03-27
T02592,C0087,Low,In Progress,2025-01-10
T02593,C0416,Low,In Progress,2025-04-24
T02594,C0250,Medium,In Progress,2025-06-13
T02595,C0385,High,In Progress,2025-03-09
T02596,C0239,Medium,Open,2025-04-15
T02597,C0237,Medium,In Progress,2025-06-04
T02598,C0282,Medium,In Progress,2025-05-18
T02599,C0307,Low,Open,2025-03-26
T02600,C0021,Medium,Open,2025-04-11
T02601,C0190,Medium,Open,2025-04-23
T02602,C0181,High,Closed,2025-04-29
T02603,C0449,High,In Progress,2025-01-17
T02604,C0238,High,In Progress,2025-06-24
T02605,C0329,High,In Progress,2025-06-20
T02606,C0244,High,In Progress,2025-03-13
T02607,C0056,High,Closed,2025-01-17
T02608,C0197,Low,Closed,2025-05-15
T02609,C0006,Medium,In Progress,2025-03-11
T02610,C0403,High,Open,2025-04-09
T02611,C0114,Medium,In Progress,2025-05-25
T02612,C0100,High,Open,2025-05-26
T02613,C0283,Medium,Closed,2025-01-26
T02614,C0126,Low,Closed,2025-01-02
T02615,C0477,Low,Open,2025-01-08
T02616,C0388,Low,In Progress,2025-01-04
T02617,C0487,High,Closed,2025-05-17
T02618,C0016,Low,In Progress,2025-06-30
T02619,C0138,Low,In Progress,2025-04-05
T02620,C0203,Medium,Open,2025-06-13
T02621,C0163,Low,In Progress,2025-04-16
T02622,C0326,Medium,Open,2025-06-12
T02623,C0011,High,Closed,2025-06-07
T02624,C0242,High,In Progress,2025-01-23
T02625,C0382,Low,Closed,2025-03-20
T02626,C0325,Low,Open,2025-05-22
T02627,C0328,Low,Closed,2025-04-22
T02628,C0402,Medium,In Progress,2025-04-29
T02629,C0216,High,Closed,2025-06-29
T02630,C0244,Low,Closed,2025-03-31
T02631,C0281,Medium,Open,2025-01-13
T02632,C0356,High,Open,2025-05-05
T02633,C0330,Medium,In Progress,2025-01-11
T02634,C0054,Low,Open,2025-01-10
T02635,C0211,Medium,In Progress,2025-02-26
T02636,C0421,Medium,In Progress,2025-01-04
T02637,C0371,High,Open,2025-06-27
T02638,C0005,High,In Progress,2025-02-22
T02639,C0446,Medium,In Progress,2025-02-04
T02640,C0186,Low,Open,2025-04-02
T02641,C0467,High,In Progress,2025-02-18
T02642,C0124,High,Closed,2025-02-25
T02643,C0221,Low,Closed,2025-06-15
T02644,C0412,Low,Closed,2025-01-13
T02645,C0151,Low,Open,2025-02-09
T02646,C0495,Medium,In Progress,2025-05-15
T02647,C0240,Low,Open,2025-01-06
T02648,C0256,Medium,Closed,2025-06-13
T02649,C0224,Low,Open,2025-05-22
T02650,C0332,Low,In Progress,2025-05-31
T02651,C0229,Low,Closed,2025-03-01
T02652,C0012,Medium,In Progress,2025-05-06
T02653,C0410,Low,Closed,2025-02-09
T02654,C0179,High,In Progress,2025-01-11
T02655,C0021,High,Closed,2025-06-30
T02656,C0284,Medium,Closed,2025-02-05
T02657,C0490,Medium,Closed,2025-04-24
T02658,C0168,Low,In Progress,2025-05-17
T02659,C0402,Low,In Progress,2025-02-07
T02660,C0351,Medium,In Progress,2025-03-25
T02661,C0116,Low,Open,2025-02-02
T02662,C0421,High,Closed,2025-01-24
T02663,C0279,Medium,Closed,2025-04-15
T02664,C0447,High,Open,2025-03-02
T02665,C0275,Medium,Open,2025-03-21
T02666,C0449,Low,Closed,2025-02-22
T02667,C0429,Medium,Open,2025-02-15
T02668,C0428,High,In Progress,2025-03-23
T02669,C0153,High,Closed,2025-05-06
T02670,C0148,High,In Progress,2025-03-08
T02671,C0442,Medium,Closed,2025-04-23
T02672,C0266,Medium,In Progress,2025-06-14
T02673,C0445,Medium,In Progress,2025-05-28
T02674,C0367,Medium,In Progress,2025-02-27
T02675,C0317,Low,Open,2025-02-16
T02676,C0258,Low,Open,2025-06-07
T02677,C0325,Medium,Open,2025-03-20
T02678,C0008,High,Closed,2025-02-15
T02679,C0129,Low,Open,2025-04-12
T02680,C0287,Low,In Progress,2025-03-05
T02681,C0336,Low,Open,2025-03-31
T02682,C0176,High,Closed,2025-06-03
T02683,C0309,High,Closed,2025-03-18
T02684,C0035,Low,Closed,2025-05-24
T02685,C0453,High,Closed,2025-05-15
T02686,C0298,Medium,Closed,2025-01-23
T02687,C0195,High,In Progress,2025-05-18
T02688,C0426,High,In Progress,2025-01-14
T02689,C0014,Low,Closed,2025-06-10
T02690,C0347,High,In Progress,2025-02-21
T02691,C0311,Medium,Open,2025-03-29
T02692,C0311,High,In Progress,2025-06-30
T02693,C0208,Low,Closed,2025-01-15
T02694,C0334,Medium,Closed,2025-03-13
T02695,C0130,Medium,In Progress,2025-01-05
T02696,C0016,Medium,Closed,2025-06-13
T02697,C0481,Medium,Closed,2025-01-20
T02698,C0043,Low,Open,2025-02-16
T02699,C0039,High,In Progress,2025-06-28
T02700,C0283,Medium,Open,2025-03-24
T02701,C0298,Low,Open,2025-03-12
T02702,C0441,Medium,Open,2025-03-07
T02703,C0452,High,Closed,2025-05-23
T02704,C0312,Medium,Closed,2025-02-07
T02705,C0181,Medium,In Progress,2025-03-04
T02706,C0160,High,Open,2025-05-14
T02707,C0233,High,Open,2025-05-11
T02708,C0490,High,Closed,2025-03-09
T02709,C0482,High,In Progress,2025-02-06
T02710,C0371,Medium,Closed,2025-02-03
T02711,C0354,Low,In Progress,2025-02-12
T02712,C0436,Low,Open,2025-03-21
T02713,C0387,Low,In Progress,2025-02-24
T02714,C0105,Low,Open,2025-02-25
T02715,C0224,Low,Open,2025-05-14
T02716,C0500,High,Open,2025-04-23
T02717,C0455,Low,Closed,2025-06-18
T02718,C0033,Low,In Progress,2025-04-27
T02719,C0014,High,Open,2025-05-04
T02720,C0237,High,In Progress,2025-05-29
T02721,C0219,High,Closed,2025-03-24
T02722,C0317,Low,In Progress,2025-06-10
T02723,C0045,Medium,In Progress,2025-06-01
T02724,C0100,High,Closed,2025-01-06
T02725,C0464,High,In Progress,2025-05-13
T02726,C0081,Medium,In Progress,2025-03-04
T02727,C0302,Low,Open,2025-04-02
T02728,C0437,High,Open,2025-02-03
T02729,C0056,Low,Open,2025-03-25
T02730,C0100,Medium,In Progress,2025-01-25
T02731,C0004,Medium,In Progress,2025-01-17
T02732,C0142,High,Closed,2025-04-15
T02733,C0442,High,Closed,2025-04-03
T02734,C0314,High,Open,2025-01-01
T02735,C0052,Medium,In Progress,2025-01-12
T02736,C0330,Medium,Closed,2025-01-12
T02737,C0101,Medium,In Progress,2025-02-19
T02738,C0109,Medium,Closed,2025-03-24
T02739,C0487,Medium,In Progress,2025-05-09
T02740,C0397,Low,In Progress,2025-01-05
T02741,C0247,High,Open,2025-06-07
T02742,C0162,Medium,Closed,2025-03-12
T02743,C0167,Medium,Open,2025-03-10
T02744,C0092,High,Closed,2025-02-24
T02745,C0267,Low,Open,2025-01-24
T02746,C0322,Low,In Progress,2025-03-06
T02747,C0354,High,In Progress,2025-01-15
T02748,C0226,High,Closed,2025-04-21
T02749,C0341,Medium,In Progress,2025-02-22
T02750,C0498,Low,Closed,2025-03-09
T02751,C0053,High,In Progress,2025-03-19
T02752,C0471,Low,Open,2025-05-04
T02753,C0289,Medium,In Progress,2025-06-01
T02754,C0075,High,In Progress,2025-02-18
T02755,C0417,High,Open,2025-03-23
T02756,C0336,Medium,In Progress,2025-01-19
T02757,C0116,Low,Open,2025-02-05
T02758,C0289,High,In Progress,2025-02-01
T02759,C0477,Medium,Open,2025-06-06
T02760,C0444,High,Open,2025-05-15
T02761,C0437,High,In Progress,2025-04-06
T02762,C0194,High,In Progress,2025-01-22
T02763,C0250,Medium,Open,2025-06-28
T02764,C0463,Low,In Progress,2025-03-14
T02765,C0341,High,Open,2025-05-01
T02766,C0418,High,Closed,2025-01-11
T02767,C0433,Medium,In Progress,2025-03-01
T02768,C0452,Medium,Open,2025-01-02
T02769,C0344,High,Closed,2025-03-19
T02770,C0149,High,Closed,2025-02-10
T02771,C0267,High,In Progress,2025-06-15
T02772,C0104,High,In Progress,2025-04-16
T02773,C0112,High,In Progress,2025-01-15
T02774,C0072,Low,Closed,2025-03-13
T02775,C0164,Low,Open,2025-04-30
T02776,C0456,Low,Closed,2025-06-08
T02777,C0486,Medium,Closed,2025-06-28
T02778,C0241,Low,In Progress,2025-05-01
T02779,C0056,Low,Open,2025-04-21
T02780,C0097,Medium,Closed,2025-03-17
T02781,C0268,Medium,In Progress,2025-02-04
T02782,C0489,Low,Open,2025-04-16
T02783,C0097,High,Closed,2025-04-04
T02784,C0157,Low,Closed,2025-02-01
T02785,C0125,Medium,Closed,2025-05-12
T02786,C0201,Low,In Progress,2025-04-08
T02787,C0326,High,Closed,2025-02-04
T02788,C0272,Low,Open,2025-06-06
T02789,C0062,Medium,In Progress,2025-03-04
T02790,C0411,Medium,Open,2025-01-07
T02791,C0207,Low,Closed,2025-05-17
T02792,C0202,High,In Progress,2025-02-04
T02793,C0351,High,In Progress,2025-06-29
T02794,C0057,Medium,Open,2025-02-24
T02795,C0302,Low,Open,2025-01-15
T02796,C0160,High,Open,2025-04-06
T02797,C0486,Low,In Progress,2025-03-29
T02798,C0112,High,Open,2025-03-30
T02799,C0407,Low,Open,2025-02-09
T02800,C0425,Medium,Open,2025-06-08
T02801,C0268,High,Open,2025-05-04
T02802,C0003,Low,Closed,2025-05-01
T02803,C0183,Low,Closed,2025-03-06
T02804,C0492,Low,Closed,2025-06-13
T02805,C0203,Low,Closed,2025-04-25
T02806,C0491,Medium,Closed,2025-06-23
T02807,C0296,Low,Open,2025-06-12
T02808,C0198,High,In Progress,2025-04-05
T02809,C0355,Low,Open,2025-06-16
T02810,C0354,High,Closed,2025-02-11
T02811,C0208,Medium,Closed,2025-02-03
T02812,C0190,High,Closed,2025-06-02
T02813,C0102,Low,Closed,2025-03-24
T02814,C0231,High,Open,2025-04-18
T02815,C0016,Medium,In Progress,2025-04-16
T02816,C0158,Low,Closed,2025-01-18
T02817,C0091,Low,Closed,2025-01-23
T02818,C0102,Low,Open,2025-04-21
T02819,C0411,High,Open,2025-06-24
T02820,C0103,Low,In Progress,2025-02-23
T02821,C0369,Medium,Open,2025-05-14
T02822,C0392,Low,In Progress,2025-04-25
T02823,C0338,High,Open,2025-03-03
T02824,C0262,High,In Progress,2025-01-07
T02825,C0447,Low,Open,2025-06-23
T02826,C0153,Low,In Progress,2025-03-25
T02827,C0383,Medium,Open,2025-04-08
T02828,C0132,High,Closed,2025-02-26
T02829,C0158,Low,In Progress,2025-01-01
T02830,C0044,High,Open,2025-02-01
T02831,C0079,High,Closed,2025-03-01
T02832,C0145,High,Open,2025-04-19
T02833,C0119,Low,Closed,2025-06-23
T02834,C0242,High,Closed,2025-06-18
T02835,C0152,High,Open,2025-03-27
T02836,C0171,High,Open,2025-01-09
T02837,C0009,High,Closed,2025-03-20
T02838,C0396,Low,In Progress,2025-06-07
T02839,C0143,Medium,Open,2025-02-16
T02840,C0377,Medium,Closed,2025-01-02
T02841,C0191,Medium,Closed,2025-05-23
T02842,C0141,Medium,Closed,2025-02-22
T02843,C0343,High,In Progress,2025-06-10
T02844,C0196,Low,Open,2025-05-20
T02845,C0451,High,Closed,2025-06-29
T02846,C0456,Medium,Closed,2025-03-03
T02847,C0058,Low,Closed,2025-06-17
T02848,C0258,High,Open,2025-04-28
T02849,C0120,Medium,Open,2025-03-29
T02850,C0140,Medium,Open,2025-05-18
T02851,C0191,High,In Progress,2025-03-27
T02852,C0098,Low,In Progress,2025-04-28
T02853,C0320,Medium,Open,2025-03-15
T02854,C0397,High,Open,2025-05-27
T02855,C0099,Low,In Progress,2025-06-29
T02856,C0258,High,In Progress,2025-06-16
T02857,C0159,Medium,Closed,2025-03-24
T02858,C0259,High,In Progress,2025-05-01
T02859,C0037,Low,In Progress,2025-01-26
T02860,C0181,Medium,In Progress,2025-05-13
T02861,C0219,Medium,Open,2025-01-20
T02862,C0373,Medium,In Progress,2025-04-10
T02863,C0096,Low,Closed,2025-02-01
T02864,C0312,Medium,Closed,2025-03-08
T02865,C0498,High,Closed,2025-03-13
T02866,C0253,Medium,Closed,2025-04-02
T02867,C0112,High,Closed,2025-01-14
T02868,C0332,Low,Closed,2025-05-13
T02869,C0348,High,Closed,2025-02-09
T02870,C0355,High,Open,2025-05-27
T02871,C0172,Low,Closed,2025-04-06
T02872,C0067,Medium,In Progress,2025-02-06
T02873,C0158,High,Open,2025-03-04
T02874,C0203,Medium,Open,2025-06-15
T02875,C0494,Low,In Progress,2025-03-13
T02876,C0287,Low,Closed,2025-05-12
T02877,C0175,Medium,Open,2025-03-09
T02878,C0485,Medium,Open,2025-06-02
T02879,C0415,High,In Progress,2025-06-03
T02880,C0340,Medium,Closed,2025-06-26
T02881,C0446,Medium,Closed,2025-02-14
T02882,C0025,Medium,Open,2025-04-12
T02883,C0287,Low,Open,2025-04-16
T02884,C0050,Medium,Open,2025-01-09
T02885,C0086,High,Closed,2025-01-15
T02886,C0390,Medium,In Progress,2025-01-25
T02887,C0386,Low,In Progress,2025-06-14
T02888,C0322,Medium,Open,2025-01-21
T02889,C0443,High,Open,2025-02-28
T02890,C0014,Medium,In Progress,2025-06-03
T02891,C0416,Medium,In Progress,2025-03-15
T02892,C0323,Medium,Open,2025-05-08
T02893,C0198,Medium,Closed,2025-06-01
T02894,C0048,Low,Closed,2025-01-09
T02895,C0007,High,Open,2025-02-01
T02896,C0248,High,Open,2025-05-22
T02897,C0389,Low,Open,2025-06-14
T02898,C0062,High,In Progress,2025-06-21
T02899,C0332,Medium,Open,2025-04-25
T02900,C0441,High,In Progress,2025-06-21
T02901,C0028,Medium,In Progress,2025-04-15
T02902,C0423,High,In Progress,2025-03-16
T02903,C0381,Low,Open,2025-06-18
T02904,C0086,Low,In Progress,2025-04-22
T02905,C0213,Medium,Closed,2025-03-06
T02906,C0008,High,In Progress,2025-06-21
T02907,C0228,Low,Open,2025-02-09
T02908,C0373,Low,Closed,2025-04-10
T02909,C0210,Low,In Progress,2025-05-03
T02910,C0165,Medium,In Progress,2025-03-28
T02911,C0404,Medium,In Progress,2025-05-20
T02912,C0366,Medium,Open,2025-01-31
T02913,C0157,Medium,In Progress,2025-06-22
T02914,C0301,Low,In Progress,2025-02-24
T02915,C0062,Medium,Open,2025-02-19
T02916,C0186,Low,In Progress,2025-05-18
T02917,C0266,High,Open,2025-02-28
T02918,C0408,High,In Progress,2025-02-16
T02919,C0369,High,Open,2025-03-04
T02920,C0094,Low,Open,2025-06-17
T02921,C0108,Low,In Progress,2025-03-04
T02922,C0109,High,Open,2025-01-25
T02923,C0321,High,Closed,2025-02-18
T02924,C0305,Low,Closed,2025-02-18
T02925,C0001,Medium,Closed,2025-01-16
T02926,C0068,Medium,In Progress,2025-05-12
T02927,C0409,Low,In Progress,2025-01-05
T02928,C0152,Low,In Progress,2025-04-17
T02929,C0021,Medium,Open,2025-05-11
T02930,C0045,High,Open,2025-06-29
T02931,C0170,High,Closed,2025-01-13
T02932,C0305,Medium,Closed,2025-03-22
T02933,C0450,Medium,Closed,2025-03-15
T02934,C0105,Medium,Open,2025-06-16
T02935,C0009,Medium,Closed,2025-04-26
T02936,C0163,High,Open,2025-03-25
T02937,C0470,Medium,Closed,2025-05-15
T02938,C0131,Low,In Progress,2025-03-28
T02939,C0373,Medium,Closed,2025-01-25
T02940,C0060,Low,In Progress,2025-01-12
T02941,C0356,High,Open,2025-05-13
T02942,C0064,Medium,In Progress,2025-06-12
T02943,C0487,High,Closed,2025-05-29
T02944,C0262,Medium,Closed,2025-06-22
T02945,C0222,Medium,Closed,2025-04-26
T02946,C0056,Low,In Progress,2025-04-13
T02947,C0386,Medium,Open,2025-05-08
T02948,C0147,Medium,Closed,2025-02-07
T02949,C0388,Medium,Closed,2025-02-01
T02950,C0023,Medium,In Progress,2025-03-08
T02951,C0247,Medium,Closed,2025-03-04
T02952,C0106,Medium,Open,2025-03-18
T02953,C0032,High,Closed,2025-01-23
T02954,C0060,Medium,Open,2025-04-18
T02955,C0126,Low,Open,2025-06-24
T02956,C0348,Medium,Open,2025-05-08
T02957,C0042,High,Closed,2025-05-02
T02958,C0495,Medium,Open,2025-05-02
T02959,C0433,Medium,In Progress,2025-03-03
T02960,C0118,Medium,In Progress,2025-03-24
T02961,C0175,Low,In Progress,2025-06-27
T02962,C0282,Low,In Progress,2025-06-08
T02963,C0308,Medium,Closed,2025-04-09
T02964,C0044,High,In Progress,2025-01-20
T02965,C0306,Low,Open,2025-02-08
T02966,C0422,High,In Progress,2025-06-26
T02967,C0308,Medium,In Progress,2025-02-21
T02968,C0361,Low,In Progress,2025-01-28
T02969,C0180,High,Closed,2025-05-11
T02970,C0103,Medium,In Progress,2025-02-26
T02971,C0103,Low,In Progress,2025-06-11
T02972,C0371,Medium,In Progress,2025-01-08
T02973,C0169,Medium,In Progress,2025-04-15
T02974,C0383,Medium,Closed,2025-06-14
T02975,C0130,Medium,Open,2025-01-27
T02976,C0273,Medium,In Progress,2025-06-17
T02977,C0473,Low,Open,2025-04-10
T02978,C0494,Low,Closed,2025-05-05
T02979,C0186,High,Open,2025-06-07
T02980,C0223,Medium,Open,2025-01-31
T02981,C0496,Medium,Open,2025-03-10
T02982,C0140,Medium,In Progress,2025-04-24
T02983,C0038,High,Open,2025-05-28
T02984,C0253,Medium,In Progress,2025-06-14
T02985,C0030,Medium,Closed,2025-04-24
T02986,C0483,High,Open,2025-02-20
T02987,C0008,High,Open,2025-06-12
T02988,C0436,Low,In Progress,2025-05-15
T02989,C0061,High,Closed,2025-06-11
T02990,C0115,Medium,Closed,2025-01-22
T02991,C0364,Low,Closed,2025-05-08
T02992,C0009,Low,Open,2025-05-28
T02993,C0304,High,In Progress,2025-04-29
T02994,C0216,Medium,In Progress,2025-01-19
T02995,C0469,Low,Closed,2025-02-15
T02996,C0169,High,In Progress,2025-06-23
T02997,C0102,High,Open,2025-02-27
T02998,C0398,Low,Closed,2025-05-31
T02999,C0397,High,Open,2025-02-03
T03000,C0187,High,Open,2025-05-28
T03001,C0078,Medium,Closed,2025-06-04
T03002,C0010,High,Open,2025-05-16
T03003,C0421,Medium,Open,2025-05-08
T03004,C0213,Low,In Progress,2025-05-10
T03005,C0409,Low,Closed,2025-04-11
T03006,C0003,High,Closed,2025-02-12
T03007,C0459,Low,Closed,2025-06-19
T03008,C0442,Medium,Open,2025-05-21
T03009,C0094,High,Closed,2025-03-01
T03010,C0463,High,Open,2025-02-15
T03011,C0475,Medium,In Progress,2025-01-27
T03012,C0191,Medium,Closed,2025-01-12
T03013,C0357,High,Open,2025-02-15
T03014,C0199,Medium,Open,2025-02-27
T03015,C0341,Low,Closed,2025-05-28
T03016,C0360,Medium,Closed,2025-03-29
T03017,C0128,Low,In Progress,2025-04-20
T03018,C0499,Low,Closed,2025-04-12
T03019,C0303,Low,In Progress,2025-01-23
T03020,C0336,High,Closed,2025-02-15
T03021,C0014,High,Closed,2025-05-29
T03022,C0390,Low,Closed,2025-01-23
T03023,C0315,High,Closed,2025-04-05
T03024,C0141,Medium,Closed,2025-02-14
T03025,C0359,Low,Open,2025-05-27
T03026,C0010,Low,Open,2025-05-16
T03027,C0076,Low,Open,2025-05-31
T03028,C0343,High,Closed,2025-02-12
T03029,C0362,Low,In Progress,2025-05-20
T03030,C0245,Medium,In Progress,2025-01-27
T03031,C0154,Low,Closed,2025-04-23
T03032,C0225,High,In Progress,2025-04-05
T03033,C0280,High,Closed,2025-04-17
T03034,C0241,Medium,Closed,2025-05-20
T03035,C0331,High,In Progress,2025-02-07
T03036,C0286,Low,Closed,2025-04-30
T03037,C0228,Medium,Open,2025-01-18
T03038,C0230,High,In Progress,2025-05-25
T03039,C0243,High,Closed,2025-01-20
T03040,C0260,High,In Progress,2025-06-01
T03041,C0387,High,Closed,2025-06-20
T03042,C0078,Medium,Closed,2025-02-18
T03043,C0082,High,Open,2025-05-12
T03044,C0430,Medium,In Progress,2025-01-12
T03045,C0392,High,Open,2025-01-29
T03046,C0140,Low,In Progress,2025-04-27
T03047,C0188,High,Closed,2025-05-08
T03048,C0339,High,In Progress,2025-05-25
T03049,C0078,Medium,Closed,2025-03-31
T03050,C0146,High,Closed,2025-05-04
T03051,C0048,Low,Open,2025-03-28
T03052,C0480,Low,Closed,2025-05-05
T03053,C0274,High,In Progress,2025-04-09
T03054,C0286,Medium,Open,2025-01-07
T03055,C0008,High,In Progress,2025-01-29
T03056,C0478,Medium,Open,2025-03-25
T03057,C0224,Low,Open,2025-02-19
T03058,C0454,Medium,Open,2025-01-29
T03059,C0406,Low,In Progress,2025-04-24
T03060,C0205,Medium,Open,2025-06-09
T03061,C0021,Medium,In Progress,2025-06-15
T03062,C0305,Low,In Progress,2025-02-07
T03063,C0428,Medium,In Progress,2025-02-14
T03064,C0315,Medium,Closed,2025-04-12
T03065,C0050,Low,Open,2025-02-23
T03066,C0108,Low,Open,2025-04-03
T03067,C0472,Low,Closed,2025-02-24
T03068,C0497,Low,In Progress,2025-05-04
T03069,C0269,Low,Open,2025-06-11
T03070,C0401,Medium,In Progress,2025-06-25
T03071,C0053,High,Closed,2025-04-05
T03072,C0233,Medium,Open,2025-04-17
T03073,C0307,High,Open,2025-02-27
T03074,C0323,Medium,Open,2025-02-27
T03075,C0216,Low,Open,2025-04-22
T03076,C0410,Low,In Progress,2025-06-15
T03077,C0366,High,Closed,2025-02-01
T03078,C0425,High,Open,2025-01-24
T03079,C0174,Low,Closed,2025-03-27
T03080,C0330,Low,Closed,2025-05-07
T03081,C0292,Low,Closed,2025-04-08
T03082,C0020,Low,In Progress,2025-02-24
T03083,C0115,High,In Progress,2025-03-09
T03084,C0106,Medium,In Progress,2025-03-22
T03085,C0181,High,In Progress,2025-05-17
T03086,C0174,Low,Open,2025-04-11
T03087,C0220,High,Closed,2025-01-03
T03088,C0251,High,Closed,2025-06-04
T03089,C0324,Medium,Open,2025-03-01
T03090,C0394,Low,In Progress,2025-02-14
T03091,C0306,High,Closed,2025-04-23
T03092,C0416,High,In Progress,2025-06-28
T03093,C0158,High,Open,2025-01-17
T03094,C0263,Low,Open,2025-05-10
T03095,C0335,Low,Closed,2025-05-13
T03096,C0068,Medium,Open,2025-06-05
T03097,C0353,Medium,Closed,2025-06-15
T03098,C0346,High,In Progress,2025-04-18
T03099,C0012,Low,In Progress,2025-03-11
T03100,C0220,High,Open,2025-02-13
T03101,C0398,Medium,In Progress,2025-02-21
T03102,C0322,Low,In Progress,2025-04-15
T03103,C0121,High,Closed,2025-02-10
T03104,C0024,Low,Open,2025-05-26
T03105,C0246,High,Open,2025-06-14
T03106,C0121,High,Closed,2025-05-03
T03107,C0166,Low,Open,2025-02-23
T03108,C0027,High,In Progress,2025-01-01
T03109,C0428,Low,In Progress,2025-05-18
T03110,C0011,Medium,Closed,2025-01-16
T03111,C0491,High,Closed,2025-02-13
T03112,C0170,Low,In Progress,2025-02-06
T03113,C0190,High,Closed,2025-04-09
T03114,C0458,Low,In Progress,2025-05-24
T03115,C0158,High,In Progress,2025-04-11
T03116,C0411,High,In Progress,2025-03-19
T03117,C0339,Medium,Open,2025-05-10
T03118,C0040,Medium,In Progress,2025-01-11
T03119,C0163,Medium,In Progress,2025-05-03
T03120,C0228,Medium,Closed,2025-01-29
T03121,C0247,Medium,Closed,2025-06-29
T03122,C0062,Low,Closed,2025-03-25
T03123,C0048,Low,Open,2025-01-09
T03124,C0477,Medium,Open,2025-05-22
T03125,C0401,High,Open,2025-05-24
T03126,C0065,High,Open,2025-05-25
T03127,C0220,High,Closed,2025-02-01
T03128,C0071,High,In Progress,2025-06-09
T03129,C0433,Low,In Progress,2025-01-22
T03130,C0092,Medium,In Progress,2025-05-04
T03131,C0484,Low,In Progress,2025-01-12
T03132,C0063,Low,Closed,2025-02-19
T03133,C0110,Medium,Open,2025-05-27
T03134,C0445,Medium,Open,2025-03-27
T03135,C0379,High,Closed,2025-02-21
T03136,C0051,High,Closed,2025-06-18
T03137,C0361,Medium,Closed,2025-02-14
T03138,C0417,High,Open,2025-01-02
T03139,C0300,High,Closed,2025-04-21
T03140,C0445,High,In Progress,2025-02-09
T03141,C0387,High,Open,2025-03-10
T03142,C0189,Low,Open,2025-03-12
T03143,C0109,High,Closed,2025-01-19
T03144,C0128,High,Closed,2025-04-15
T03145,C0010,Low,In Progress,2025-01-01
T03146,C0024,Medium,In Progress,2025-03-04
T03147,C0290,Medium,In Progress,2025-04-02
T03148,C0397,High,In Progress,2025-01-03
T03149,C0092,Low,Closed,2025-03-09
T03150,C0353,Low,In Progress,2025-02-23
T03151,C0496,Medium,Closed,2025-04-03
T03152,C0234,Low,Open,2025-03-13
T03153,C0265,Medium,In Progress,2025-02-15
T03154,C0323,Low,Closed,2025-01-29
T03155,C0010,Medium,In Progress,2025-02-08
T03156,C0367,Low,In Progress,2025-02-28
T03157,C0027,High,Closed,2025-04-03
T03158,C0108,Medium,Closed,2025-04-23
T03159,C0328,Medium,In Progress,2025-04-12
T03160,C0352,High,Closed,2025-02-10
T03161,C0369,High,Open,2025-06-03
T03162,C0403,High,Open,2025-05-24
T03163,C0239,High,In Progress,2025-02-27
T03164,C0294,Low,In Progress,2025-03-14
T03165,C0397,Low,Closed,2025-02-15
T03166,C0395,Medium,Closed,2025-01-14
T03167,C0189,Low,Open,2025-06-13
T03168,C0230,High,Closed,2025-03-11
T03169,C0200,Medium,Open,2025-02-23
T03170,C0409,Medium,Closed,2025-01-08
T03171,C0456,Low,Closed,2025-03-14
T03172,C0237,Medium,In Progress,2025-02-20
T03173,C0138,Medium,In Progress,2025-02-20
T03174,C0020,Low,Open,2025-01-31
T03175,C0123,Medium,In Progress,2025-04-05
T03176,C0328,Medium,Open,2025-02-14
T03177,C0020,Low,Closed,2025-03-29
T03178,C0320,Medium,Closed,2025-05-28
T03179,C0428,High,In Progress,2025-06-12
T03180,C0182,Low,Open,2025-02-23
T03181,C0019,High,Closed,2025-02-20
T03182,C0399,Medium,Closed,2025-01-19
T03183,C0426,High,Closed,2025-02-27
T03184,C0352,Medium,Open,2025-01-06
T03185,C0318,High,In Progress,2025-06-13
T03186,C0110,High,Open,2025-04-07
T03187,C0105,Medium,Closed,2025-03-21
T03188,C0372,Medium,In Progress,2025-01-27
T03189,C0035,High,Open,2025-04-19
T03190,C0093,High,Open,2025-05-14
T03191,C0164,High,Closed,2025-03-30
T03192,C0273,Medium,In Progress,2025-03-07
T03193,C0231,High,Closed,2025-03-19
T03194,C0002,Medium,Open,2025-01-13
T03195,C0476,High,In Progress,2025-01-12
T03196,C0310,Medium,Open,2025-05-03
T03197,C0384,Low,In Progress,2025-04-13
T03198,C0430,Low,Open,2025-02-26
T03199,C0288,Medium,Closed,2025-06-02
T03200,C0189,High,Closed,2025-02-23
T03201,C0266,High,In Progress,2025-03-20
T03202,C0447,High,Closed,2025-02-21
T03203,C0345,High,Open,2025-03-05
T03204,C0069,High,Closed,2025-03-02
T03205,C0288,Medium,Closed,2025-01-26
T03206,C0136,High,In Progress,2025-06-25
T03207,C0128,High,Closed,2025-02-24
T03208,C0349,Medium,Open,2025-04-21
T03209,C0082,High,Closed,2025-02-03
T03210,C0107,Medium,Open,2025-06-11
T03211,C0201,Medium,Open,2025-01-26
T03212,C0022,Medium,Closed,2025-01-31
T03213,C0071,Low,Closed,2025-04-30
T03214,C0200,Medium,Open,2025-05-25
T03215,C0244,Low,Open,2025-02-25
T03216,C0449,Low,In Progress,2025-05-28
T03217,C0013,Low,Open,2025-04-26
T03218,C0491,Low,Closed,2025-05-08
T03219,C0496,High,Closed,2025-06-17
T03220,C0027,Low,Open,2025-06-17
T03221,C0273,Low,In Progress,2025-02-06
T03222,C0086,Low,In Progress,2025-01-28
T03223,C0271,High,In Progress,2025-05-21
T03224,C0082,Low,In Progress,2025-05-24
T03225,C0047,High,In Progress,2025-06-19
T03226,C0005,Low,In Progress,2025-06-19
T03227,C0257,Medium,In Progress,2025-05-13
T03228,C0180,Medium,Closed,2025-04-10
T03229,C0221,Low,Open,2025-01-12
T03230,C0364,Low,In Progress,2025-06-12
T03231,C0407,Medium,Open,2025-03-05
T03232,C0330,Medium,Closed,2025-02-09
T03233,C0177,High,Closed,2025-05-05
T03234,C0198,Medium,In Progress,2025-05-05
T03235,C0362,High,In Progress,2025-02-19
T03236,C0451,Medium,Closed,2025-06-02
T03237,C0010,Low,In Progress,2025-03-18
T03238,C0218,Low,In Progress,2025-06-25
T03239,C0234,High,Open,2025-04-16
T03240,C0373,High,Open,2025-04-28
T03241,C0155,Medium,Closed,2025-01-16
T03242,C0017,Medium,Open,2025-05-28
T03243,C0308,Low,Open,2025-01-04
T03244,C0113,High,In Progress,2025-06-06
T03245,C0248,Low,Open,2025-04-06
T03246,C0230,High,Closed,2025-05-19
T03247,C0138,Low,Closed,2025-04-06
T03248,C0200,High,Open,2025-06-09
T03249,C0106,Low,Closed,2025-05-31
T03250,C0351,Low,In Progress,2025-04-02
T03251,C0381,Low,In Progress,2025-03-09
T03252,C0198,Low,In Progress,2025-04-23
T03253,C0036,High,In Progress,2025-06-14
T03254,C0042,High,Open,2025-06-17
T03255,C0408,Low,Closed,2025-03-24
T03256,C0210,Medium,Open,2025-01-12
T03257,C0462,High,In Progress,2025-03-28
T03258,C0489,Low,In Progress,2025-04-17
T03259,C0080,High,Closed,2025-04-16
T03260,C0108,High,In Progress,2025-03-20
T03261,C0469,High,In Progress,2025-04-30
T03262,C0490,High,In Progress,2025-03-08
T03263,C0227,Medium,Closed,2025-03-02
T03264,C0115,High,In Progress,2025-04-24
T03265,C0133,Low,Closed,2025-05-29
T03266,C0222,High,Closed,2025-01-27
T03267,C0003,High,In Progress,2025-04-17
T03268,C0498,Medium,Closed,2025-02-05
T03269,C0157,Low,Closed,2025-04-11
T03270,C0239,High,Closed,2025-05-13
T03271,C0404,Low,Open,2025-03-27
T03272,C0308,High,Closed,2025-01-22
T03273,C0192,Medium,Closed,2025-06-06
T03274,C0340,Medium,Open,2025-06-12
T03275,C0265,High,In Progress,2025-04-07
T03276,C0298,Medium,Open,2025-01-03
T03277,C0164,High,Closed,2025-02-28
T03278,C0186,High,In Progress,2025-04-16
T03279,C0059,High,Open,2025-06-18
T03280,C0189,Medium,Open,2025-03-30
T03281,C0217,High,In Progress,2025-03-11
T03282,C0062,High,Closed,2025-06-05
T03283,C0416,Low,Open,2025-06-26
T03284,C0130,High,In Progress,2025-05-23
T03285,C0298,Medium,In Progress,2025-02-17
T03286,C0249,High,Open,2025-03-09
T03287,C0049,Low,Closed,2025-05-06
T03288,C0499,High,Closed,2025-06-02
T03289,C0220,Medium,In Progress,2025-02-27
T03290,C0416,High,In Progress,2025-03-13
T03291,C0041,Low,In Progress,2025-01-22
T03292,C0099,High,Open,2025-02-24
T03293,C0201,Medium,Closed,2025-06-05
T03294,C0425,Medium,Closed,2025-03-14
T03295,C0171,Low,Closed,2025-02-15
T03296,C0315,Medium,In Progress,2025-04-29
T03297,C0352,Low,Closed,2025-03-09
T03298,C0192,Medium,In Progress,2025-06-16
T03299,C0219,Medium,Closed,2025-02-12
T03300,C0240,High,Closed,2025-02-24
T03301,C0398,High,Open,2025-03-18
T03302,C0444,Medium,In Progress,2025-06-11
T03303,C0024,Medium,Closed,2025-06-06
T03304,C0041,Medium,Closed,2025-06-04
T03305,C0373,High,In Progress,2025-02-06
T03306,C0182,High,Closed,2025-03-29
T03307,C0007,Medium,Open,2025-01-22
T03308,C0453,Low,Open,2025-03-27
T03309,C0031,Medium,Open,2025-04-17
T03310,C0483,Medium,Closed,2025-06-05
T03311,C0049,Medium,Closed,2025-06-30
T03312,C0119,Low,In Progress,2025-06-02
T03313,C0178,High,In Progress,2025-04-01
T03314,C0494,Medium,Open,2025-02-17
T03315,C0104,Low,In Progress,2025-04-27
T03316,C0356,Low,Closed,2025-03-13
T03317,C0498,High,Closed,2025-05-30
T03318,C0184,Medium,Closed,2025-05-17
T03319,C0363,Low,In Progress,2025-01-12
T03320,C0143,Medium,In Progress,2025-05-13
T03321,C0200,Medium,Open,2025-05-04
T03322,C0172,Medium,Open,2025-02-02
T03323,C0189,High,Open,2025-01-07
T03324,C0486,Low,In Progress,2025-01-11
T03325,C0361,Medium,Closed,2025-04-12
T03326,C0098,Low,Open,2025-03-09
T03327,C0288,Medium,In Progress,2025-04-03
T03328,C0037,High,In Progress,2025-03-10
T03329,C0326,High,Open,2025-05-19
T03330,C0222,High,Closed,2025-02-09
T03331,C0420,High,Closed,2025-06-26
T03332,C0236,Medium,Open,2025-02-06
T03333,C0395,High,Open,2025-02-04
T03334,C0132,Low,Open,2025-01-08
T03335,C0230,Medium,In Progress,2025-06-14
T03336,C0203,High,Closed,2025-02-08
T03337,C0049,Low,Open,2025-05-20
T03338,C0226,Low,Open,2025-01-24
T03339,C0208,Medium,Open,2025-02-12
T03340,C0206,Low,In Progress,2025-01-14
T03341,C0312,Medium,Open,2025-04-16
T03342,C0320,High,Closed,2025-03-28
T03343,C0193,Low,Open,2025-02-01
T03344,C0243,Low,Open,2025-03-27
T03345,C0389,Medium,In Progress,2025-04-23
T03346,C0288,High,Closed,2025-05-14
T03347,C0415,Low,Closed,2025-05-07
T03348,C0431,Medium,Closed,2025-05-01
T03349,C0396,Low,In Progress,2025-05-06
T03350,C0277,Medium,Closed,2025-01-19
T03351,C0058,High,In Progress,2025-05-03
T03352,C0473,Medium,In Progress,2025-04-19
T03353,C0346,Low,In Progress,2025-05-02
T03354,C0464,Low,Open,2025-06-20
T03355,C0167,High,Open,2025-05-22
T03356,C0451,Medium,In Progress,2025-01-12
T03357,C0130,Low,In Progress,2025-04-04
T03358,C0322,Medium,Open,2025-05-07
T03359,C0472,Low,In Progress,2025-03-16
T03360,C0351,Medium,Closed,2025-02-10
T03361,C0127,High,Open,2025-05-02
T03362,C0464,Low,Closed,2025-06-27
T03363,C0460,Medium,Open,2025-03-22
T03364,C0329,Low,In Progress,2025-03-13
T03365,C0227,Low,Closed,2025-04-08
T03366,C0056,Medium,In Progress,2025-04-12
T03367,C0173,Medium,Closed,2025-02-27
T03368,C0004,High,Open,2025-04-08
T03369,C0269,Low,Open,2025-04-16
T03370,C0262,Medium,Closed,2025-01-25
T03371,C0097,Low,Closed,2025-03-17
T03372,C0009,High,In Progress,2025-03-19
T03373,C0110,Medium,Closed,2025-03-02
T03374,C0202,High,Open,2025-01-22
T03375,C0371,Medium,In Progress,2025-01-20
T03376,C0082,Low,In Progress,2025-03-17
T03377,C0022,High,Open,2025-06-23
T03378,C0031,Low,Closed,2025-02-13
T03379,C0147,Low,Open,2025-02-13
T03380,C0043,High,Closed,2025-01-01
T03381,C0347,Medium,Closed,2025-02-22
T03382,C0495,Low,Closed,2025-03-17
T03383,C0076,Medium,Open,2025-05-09
T03384,C0175,High,In Progress,2025-03-05
T03385,C0066,Low,Closed,2025-03-10
T03386,C0078,Medium,Closed,2025-06-25
T03387,C0173,Medium,Open,2025-03-15
T03388,C0275,High,Closed,2025-06-01
T03389,C0022,Low,Open,2025-01-09
T03390,C0432,Low,Open,2025-02-03
T03391,C0247,Low,Closed,2025-04-13
T03392,C0004,High,In Progress,2025-05-31
T03393,C0383,High,Closed,2025-06-01
T03394,C0265,Low,Closed,2025-06-18
T03395,C0152,Low,Open,2025-06-02
T03396,C0460,Medium,Open,2025-05-29
T03397,C0110,High,Closed,2025-04-25
T03398,C0368,Medium,In Progress,2025-05-30
T03399,C0335,Low,Closed,2025-05-22
T03400,C0011,High,Closed,2025-04-20
T03401,C0083,Low,Open,2025-05-07
T03402,C0086,Medium,In Progress,2025-06-04
T03403,C0363,High,Open,2025-02-05
T03404,C0454,Medium,In Progress,2025-01-10
T03405,C0139,High,Closed,2025-01-27
T03406,C0236,Low,Open,2025-02-22
T03407,C0220,High,In Progress,2025-03-17
T03408,C0316,High,In Progress,2025-03-15
T03409,C0456,High,In Progress,2025-02-13
T03410,C0290,Low,In Progress,2025-06-14
T03411,C0355,High,Closed,2025-05-08
T03412,C0045,Low,Open,2025-01-18
T03413,C0237,High,Closed,2025-03-09
T03414,C0302,Medium,Open,2025-03-03
T03415,C0146,Low,Open,2025-05-11
T03416,C0354,Medium,Open,2025-02-18
T03417,C0004,High,Open,2025-03-18
T03418,C0487,Low,In Progress,2025-01-17
T03419,C0114,High,In Progress,2025-04-02
T03420,C0388,High,In Progress,2025-05-31
T03421,C0126,High,In Progress,2025-06-12
T03422,C0105,Medium,Open,2025-03-24
T03423,C0134,Low,In Progress,2025-04-03
T03424,C0474,High,Closed,2025-03-09
T03425,C0282,High,Closed,2025-02-04
T03426,C0274,Medium,Closed,2025-04-24
T03427,C0190,Medium,In Progress,2025-02-11
T03428,C0149,Medium,Open,2025-05-25
T03429,C0009,Medium,Closed,2025-01-15
T03430,C0488,Medium,Closed,2025-03-29
T03431,C0313,High,Open,2025-03-31
T03432,C0136,High,Closed,2025-04-16
T03433,C0011,Low,Open,2025-06-27
T03434,C0227,Low,Open,2025-01-03
T03435,C0481,High,Closed,2025-05-25
T03436,C0217,Medium,Closed,2025-03-07
T03437,C0352,Medium,Open,2025-05-08
T03438,C0198,Low,Open,2025-06-09
T03439,C0196,High,In Progress,2025-02-19
T03440,C0159,High,Open,2025-03-08
T03441,C0399,Low,Closed,2025-04-19
T03442,C0385,High,In Progress,2025-01-30
T03443,C0147,High,Open,2025-06-25
T03444,C0163,Low,In Progress,2025-01-20
T03445,C0384,Medium,Closed,2025-03-17
T03446,C0068,Medium,Closed,2025-04-24
T03447,C0234,High,Closed,2025-01-01
T03448,C0416,Low,In Progress,2025-06-12
T03449,C0175,Medium,Closed,2025-03-26
T03450,C0250,Medium,Closed,2025-05-12
T03451,C0293,Medium,In Progress,2025-06-11
T03452,C0038,Low,Open,2025-01-15
T03453,C0265,High,Closed,2025-03-09
T03454,C0286,Medium,Closed,2025-03-17
T03455,C0058,Low,Open,2025-02-01
T03456,C0218,Low,Closed,2025-04-15
T03457,C0180,High,Closed,2025-03-19
T03458,C0136,High,Closed,2025-05-25
T03459,C0185,High,Closed,2025-05-09
T03460,C0209,Medium,In Progress,2025-06-18
T03461,C0221,High,In Progress,2025-04-30
T03462,C0027,Medium,In Progress,2025-04-22
T03463,C0117,Low,Closed,2025-03-02
T03464,C0313,High,Open,2025-01-21
T03465,C0002,High,Open,2025-04-23
T03466,C0108,Medium,In Progress,2025-02-22
T03467,C0220,Low,In Progress,2025-02-12
T03468,C0106,High,Open,2025-04-19
T03469,C0280,Low,Closed,2025-04-09
T03470,C0208,High,In Progress,2025-05-08
T03471,C0115,Low,In Progress,2025-06-03
T03472,C0252,Medium,Open,2025-06-21
T03473,C0445,Low,Open,2025-02-21
T03474,C0458,Low,Closed,2025-01-31
T03475,C0435,High,Open,2025-03-29
T03476,C0240,High,Closed,2025-06-13
T03477,C0302,Low,Open,2025-03-15
T03478,C0443,Low,Open,2025-05-28
T03479,C0292,Low,In Progress,2025-01-18
T03480,C0453,High,In Progress,2025-06-10
T03481,C0277,Medium,In Progress,2025-01-03
T03482,C0363,Medium,In Progress,2025-05-16
T03483,C0469,High,Closed,2025-06-25
T03484,C0485,Low,Open,2025-06-01
T03485,C0008,Low,Open,2025-04-22
T03486,C0444,Medium,In Progress,2025-05-15
T03487,C0325,Low,Open,2025-06-30
T03488,C0338,Low,Open,2025-05-25
T03489,C0207,Low,Open,2025-06-16
T03490,C0418,High,Open,2025-01-04
T03491,C0233,High,Open,2025-04-24
T03492,C0168,Medium,In Progress,2025-01-20
T03493,C0248,High,Open,2025-03-02
T03494,C0196,Medium,In Progress,2025-06-29
T03495,C0156,Medium,Open,2025-04-16
T03496,C0178,Medium,Closed,2025-06-02
T03497,C0349,Medium,Closed,2025-04-23
T03498,C0130,High,In Progress,2025-03-02
T03499,C0175,Medium,In Progress,2025-01-07
T03500,C0267,High,Open,2025-02-06
T03501,C0013,High,In Progress,2025-06-25
T03502,C0493,Medium,In Progress,2025-02-03
T03503,C0202,Medium,In Progress,2025-01-11
T03504,C0274,Low,Open,2025-05-12
T03505,C0382,Medium,Closed,2025-03-25
T03506,C0092,High,Open,2025-02-22
T03507,C0466,Low,In Progress,2025-01-29
T03508,C0362,Low,Open,2025-02-16
T03509,C0418,Medium,In Progress,2025-05-20
T03510,C0232,High,Closed,2025-05-29
T03511,C0302,Medium,Closed,2025-04-05
T03512,C0081,High,In Progress,2025-01-08
T03513,C0145,Low,Closed,2025-06-22
T03514,C0045,Low,Closed,2025-02-05
T03515,C0431,Medium,Open,2025-02-19
T03516,C0281,High,Closed,2025-02-27
T03517,C0148,High,In Progress,2025-02-15
T03518,C0319,Medium,Open,2025-05-02
T03519,C0219,High,Open,2025-01-31
T03520,C0321,Low,Closed,2025-03-14
T03521,C0050,Low,Open,2025-05-05
T03522,C0326,High,Open,2025-06-27
T03523,C0190,Low,Closed,2025-06-21
T03524,C0222,High,Closed,2025-06-03
T03525,C0127,Low,Open,2025-03-04
T03526,C0297,Low,Open,2025-03-03
T03527,C0280,Medium,Closed,2025-01-02
T03528,C0171,Medium,In Progress,2025-01-10
T03529,C0101,High,In Progress,2025-01-01
T03530,C0290,Medium,In Progress,2025-03-18
T03531,C0160,High,In Progress,2025-06-24
T03532,C0375,Low,In Progress,2025-03-24
T03533,C0341,High,Open,2025-02-14
T03534,C0398,Low,Closed,2025-01-01
T03535,C0085,High,In Progress,2025-01-12
T03536,C0220,Low,Closed,2025-05-23
T03537,C0045,High,In Progress,2025-04-03
T03538,C0329,Medium,In Progress,2025-06-27
T03539,C0478,Low,Open,2025-01-03
T03540,C0046,Medium,Open,2025-03-27
T03541,C0116,Low,In Progress,2025-05-03
T03542,C0049,Medium,Open,2025-02-28
T03543,C0169,Low,Closed,2025-03-03
T03544,C0197,Low,In Progress,2025-04-11
T03545,C0097,Low,In Progress,2025-05-30
T03546,C0441,High,Open,2025-04-04
T03547,C0346,High,Closed,2025-03-20
T03548,C0316,High,Open,2025-02-28
T03549,C0409,Medium,Open,2025-05-04
T03550,C0007,Low,Closed,2025-05-20
T03551,C0083,Low,Open,2025-04-01
T03552,C0324,High,Open,2025-05-20
T03553,C0070,Medium,Open,2025-03-17
T03554,C0095,Medium,Closed,2025-05-20
T03555,C0044,High,Open,2025-02-21
T03556,C0325,High,Closed,2025-02-02
T03557,C0297,High,Closed,2025-03-25
T03558,C0283,High,Closed,2025-05-12
T03559,C0123,High,Closed,2025-03-13
T03560,C0327,High,Open,2025-04-27
T03561,C0087,High,Open,2025-02-01
T03562,C0022,High,In Progress,2025-05-28
T03563,C0495,High,In Progress,2025-02-25
T03564,C0253,Low,Open,2025-02-02
T03565,C0345,Low,In Progress,2025-02-01
T03566,C0377,Medium,Closed,2025-02-10
T03567,C0089,Low,Open,2025-03-16
T03568,C0291,Medium,Closed,2025-01-02
T03569,C0079,Medium,In Progress,2025-03-26
T03570,C0272,Medium,In Progress,2025-04-24
T03571,C0244,Medium,Open,2025-02-17
T03572,C0133,Low,Closed,2025-06-25
T03573,C0387,Low,In Progress,2025-03-15
T03574,C0229,Low,Open,2025-02-08
T03575,C0112,High,In Progress,2025-02-23
T03576,C0019,High,Open,2025-06-17
T03577,C0044,Medium,Open,2025-06-10
T03578,C0274,High,In Progress,2025-06-01
T03579,C0245,Medium,Closed,2025-06-23
T03580,C0258,Medium,Open,2025-04-03
T03581,C0398,Low,In Progress,2025-04-08
T03582,C0178,Medium,Closed,2025-06-10
T03583,C0021,Low,Closed,2025-05-13
T03584,C0091,Low,Open,2025-06-25
T03585,C0331,Medium,Open,2025-05-28
T03586,C0053,Medium,Open,2025-04-28
T03587,C0022,High,In Progress,2025-05-04
T03588,C0104,High,In Progress,2025-04-13
T03589,C0490,High,In Progress,2025-02-18
T03590,C0420,High,In Progress,2025-01-03
T03591,C0370,High,Closed,2025-03-15
T03592,C0011,Low,Closed,2025-06-10
T03593,C0334,Low,In Progress,2025-02-16
T03594,C0167,Low,Open,2025-02-02
T03595,C0327,High,In Progress,2025-02-03
T03596,C0134,Low,Closed,2025-02-10
T03597,C0358,Low,Open,2025-06-22
T03598,C0478,Medium,Open,2025-03-16
T03599,C0288,Low,Open,2025-02-07
T03600,C0429,High,Closed,2025-02-26
T03601,C0142,High,In Progress,2025-05-09
T03602,C0457,Low,Open,2025-01-29
T03603,C0198,Low,In Progress,2025-01-04
T03604,C0312,Low,Open,2025-04-15
T03605,C0372,Medium,Closed,2025-03-07
T03606,C0293,Medium,Closed,2025-03-08
T03607,C0040,Low,Closed,2025-04-30
T03608,C0126,Medium,In Progress,2025-02-07
T03609,C0403,Low,Open,2025-02-24
T03610,C0355,High,In Progress,2025-01-05
T03611,C0059,High,Open,2025-03-11
T03612,C0124,Low,Closed,2025-02-12
T03613,C0252,Low,In Progress,2025-06-30
T03614,C0396,Low,In Progress,2025-02-02
T03615,C0235,Medium,In Progress,2025-01-09
T03616,C0345,Medium,Closed,2025-04-17
T03617,C0229,Low,Open,2025-06-13
T03618,C0059,Low,Closed,2025-01-30
T03619,C0048,Low,Open,2025-05-22
T03620,C0457,Low,Closed,2025-01-03
T03621,C0448,Low,Closed,2025-05-27
T03622,C0482,High,Open,2025-03-18
T03623,C0128,Low,Closed,2025-04-11
T03624,C0463,Low,Open,2025-02-12
T03625,C0342,Low,Open,2025-05-11
T03626,C0333,Medium,Closed,2025-01-23
T03627,C0350,Low,In Progress,2025-05-19
T03628,C0041,High,In Progress,2025-03-26
T03629,C0416,Low,Open,2025-02-01
T03630,C0416,Medium,Closed,2025-04-30
T03631,C0113,High,In Progress,2025-03-02
T03632,C0357,Medium,Open,2025-04-21
T03633,C0354,Low,Closed,2025-06-03
T03634,C0186,Low,In Progress,2025-01-01
T03635,C0441,High,Open,2025-05-30
T03636,C0298,High,In Progress,2025-02-08
T03637,C0125,Low,Open,2025-03-13
T03638,C0303,Low,In Progress,2025-03-26
T03639,C0289,High,In Progress,2025-03-20
T03640,C0097,Medium,Open,2025-06-16
T03641,C0097,Low,Open,2025-05-14
T03642,C0413,Medium,In Progress,2025-04-10
T03643,C0294,Medium,Open,2025-03-27
T03644,C0244,High,Open,2025-01-04
T03645,C0022,High,Open,2025-01-07
T03646,C0145,Low,Open,2025-01-04
T03647,C0138,High,Closed,2025-05-28
T03648,C0062,Medium,Open,2025-03-11
T03649,C0332,High,Open,2025-02-05
T03650,C0072,Low,Open,2025-03-07
T03651,C0230,High,In Progress,2025-02-13
T03652,C0098,High,Closed,2025-06-06
T03653,C0434,High,Closed,2025-01-21
T03654,C0070,High,In Progress,2025-02-26
T03655,C0364,Medium,Open,2025-02-13
T03656,C0062,Low,Open,2025-02-05
T03657,C0236,High,Open,2025-03-30
T03658,C0454,High,Open,2025-05-01
T03659,C0078,Low,Open,2025-04-12
T03660,C0262,Low,Closed,2025-06-22
T03661,C0290,Low,Open,2025-06-26
T03662,C0286,High,In Progress,2025-02-24
T03663,C0466,Medium,Open,2025-06-23
T03664,C0071,Medium,Open,2025-03-21
T03665,C0304,Low,In Progress,2025-05-10
T03666,C0222,High,In Progress,2025-03-28
T03667,C0397,High,Open,2025-02-07
T03668,C0458,High,Closed,2025-06-14
T03669,C0083,Low,Closed,2025-04-30
T03670,C0229,Medium,Open,2025-01-11
T03671,C0408,Medium,In Progress,2025-06-26
T03672,C0175,Low,In Progress,2025-06-21
T03673,C0398,Low,Open,2025-04-20
T03674,C0039,High,Closed,2025-03-15
T03675,C0044,Low,Open,2025-03-12
T03676,C0208,High,Open,2025-06-18
T03677,C0270,Medium,Closed,2025-03-22
T03678,C0045,Low,Closed,2025-05-28
T03679,C0234,High,Closed,2025-02-09
T03680,C0353,Low,Open,2025-01-18
T03681,C0176,High,Open,2025-06-21
T03682,C0353,Medium,Open,2025-01-03
T03683,C0440,High,Open,2025-05-09
T03684,C0058,Low,Closed,2025-05-15
T03685,C0120,Low,Open,2025-05-21
T03686,C0146,Low,Open,2025-02-26
T03687,C0331,High,In Progress,2025-01-11
T03688,C0458,High,In Progress,2025-02-26
T03689,C0055,High,Open,2025-03-31
T03690,C0286,Medium,In Progress,2025-05-10
T03691,C0353,High,Open,2025-05-09
T03692,C0233,Low,In Progress,2025-04-15
T03693,C0380,High,Open,2025-04-28
T03694,C0203,High,Open,2025-03-16
T03695,C0134,Low,Open,2025-04-30
T03696,C0432,Low,Closed,2025-03-10
T03697,C0001,Medium,Closed,2025-05-21
T03698,C0342,High,In Progress,2025-06-15
T03699,C0256,Low,Closed,2025-02-05
T03700,C0101,High,In Progress,2025-03-25
T03701,C0189,Medium,Closed,2025-04-12
T03702,C0036,Low,Open,2025-03-29
T03703,C0473,High,In Progress,2025-04-03
T03704,C0048,Low,Open,2025-01-19
T03705,C0213,High,Closed,2025-02-10
T03706,C0239,High,Open,2025-04-11
T03707,C0401,Medium,In Progress,2025-02-18
T03708,C0087,High,In Progress,2025-05-05
T03709,C0279,Low,In Progress,2025-03-30
T03710,C0071,Low,Closed,2025-06-15
T03711,C0330,High,In Progress,2025-04-05
T03712,C0377,High,Open,2025-05-29
T03713,C0346,High,Open,2025-04-27
T03714,C0237,High,Open,2025-05-03
T03715,C0310,Medium,Open,2025-04-04
T03716,C0027,Medium,Closed,2025-06-22
T03717,C0397,High,Open,2025-02-04
T03718,C0132,High,In Progress,2025-06-05
T03719,C0220,Low,In Progress,2025-06-30
T03720,C0441,High,Open,2025-06-01
T03721,C0141,Medium,Open,2025-01-04
T03722,C0019,Medium,In Progress,2025-03-19
T03723,C0055,Medium,In Progress,2025-01-27
T03724,C0003,High,In Progress,2025-06-17
T03725,C0390,High,In Progress,2025-01-31
T03726,C0299,Medium,Closed,2025-05-10
T03727,C0206,Low,Open,2025-02-22
T03728,C0472,Medium,In Progress,2025-04-27
T03729,C0208,High,In Progress,2025-04-17
T03730,C0191,Medium,Open,2025-04-01
T03731,C0250,High,Open,2025-06-13
T03732,C0222,High,Closed,2025-02-26
T03733,C0216,Low,Closed,2025-02-23
T03734,C0202,Low,In Progress,2025-03-20
T03735,C0151,Low,Open,2025-01-10
T03736,C0201,High,Closed,2025-06-28
T03737,C0461,Low,Closed,2025-04-02
T03738,C0018,Medium,Open,2025-02-08
T03739,C0055,Low,In Progress,2025-01-28
T03740,C0245,High,In Progress,2025-04-21
T03741,C0305,High,Open,2025-04-18
T03742,C0061,Medium,In Progress,2025-04-20
T03743,C0027,Low,In Progress,2025-01-11
T03744,C0251,Low,In Progress,2025-05-28
T03745,C0450,Medium,In Progress,2025-03-27
T03746,C0250,High,Open,2025-05-18
T03747,C0063,High,Open,2025-02-12
T03748,C0369,Medium,In Progress,2025-06-11
T03749,C0195,High,Open,2025-04-09
T03750,C0023,High,Closed,2025-05-12
T03751,C0399,Medium,Closed,2025-04-25
T03752,C0284,Medium,In Progress,2025-02-20
T03753,C0040,High,Open,2025-01-08
T03754,C0086,High,In Progress,2025-01-24
T03755,C0471,Low,Closed,2025-04-15
T03756,C0277,Medium,Closed,2025-05-02
T03757,C0121,High,Open,2025-03-15
T03758,C0172,High,Open,2025-01-31
T03759,C0324,Low,Closed,2025-02-25
T03760,C0048,High,Open,2025-02-17
T03761,C0293,High,Closed,2025-01-10
T03762,C0439,Medium,Open,2025-02-01
T03763,C0271,Low,In Progress,2025-03-11
T03764,C0051,High,Closed,2025-01-14
T03765,C0186,High,Open,2025-05-15
T03766,C0312,Medium,Closed,2025-03-17
T03767,C0345,Low,Closed,2025-01-03
T03768,C0466,Low,In Progress,2025-05-20
T03769,C0406,Medium,In Progress,2025-01-23
T03770,C0102,Low,Open,2025-01-20
T03771,C0283,Medium,Open,2025-05-02
T03772,C0048,High,Open,2025-01-16
T03773,C0363,Low,Open,2025-01-22
T03774,C0199,Low,Closed,2025-06-03
T03775,C0413,Low,Open,2025-01-09
T03776,C0099,High,Closed,2025-04-13
T03777,C0460,Low,Open,2025-05-01
T03778,C0420,Medium,Open,2025-03-17
T03779,C0456,Low,In Progress,2025-06-26
T03780,C0361,High,Open,2025-03-13
T03781,C0197,Low,Open,2025-01-21
T03782,C0293,High,In Progress,2025-04-08
T03783,C0262,Low,Closed,2025-02-09
T03784,C0405,High,In Progress,2025-05-15
T03785,C0409,Low,Closed,2025-04-04
T03786,C0463,Low,Closed,2025-06-30
T03787,C0347,High,In Progress,2025-01-25
T03788,C0485,Medium,Closed,2025-01-31
T03789,C0253,Low,Closed,2025-06-15
T03790,C0252,Medium,Closed,2025-06-07
T03791,C0488,High,Open,2025-04-10
T03792,C0128,Medium,Open,2025-03-25
T03793,C0382,Low,In Progress,2025-04-14
T03794,C0495,Medium,Closed,2025-03-19
T03795,C0354,Medium,In Progress,2025-02-16
T03796,C0066,Medium,Closed,2025-04-20
T03797,C0497,Low,In Progress,2025-04-21
T03798,C0099,High,Open,2025-03-15
T03799,C0229,High,Closed,2025-03-23
T03800,C0341,Low,In Progress,2025-01-15
T03801,C0074,High,In Progress,2025-05-31
T03802,C0477,Low,Open,2025-04-22
T03803,C0207,Low,Open,2025-03-29
T03804,C0309,Low,Open,2025-03-25
T03805,C0155,High,Closed,2025-02-10
T03806,C0013,Medium,In Progress,2025-04-23
T03807,C0139,High,Open,2025-04-16
T03808,C0003,Low,Open,2025-06-02
T03809,C0085,High,In Progress,2025-04-23
T03810,C0075,Medium,In Progress,2025-04-02
T03811,C0422,High,Open,2025-03-04
T03812,C0151,High,In Progress,2025-02-16
T03813,C0323,Medium,Open,2025-01-27
T03814,C0309,High,Closed,2025-04-02
T03815,C0118,Medium,In Progress,2025-04-15
T03816,C0366,Low,Open,2025-02-20
T03817,C0019,Low,Open,2025-06-03
T03818,C0206,High,In Progress,2025-03-06
T03819,C0331,Low,In Progress,2025-01-01
T03820,C0254,Medium,Open,2025-06-08
T03821,C0048,Medium,Closed,2025-03-07
T03822,C0445,Low,Closed,2025-01-17
T03823,C0163,Medium,In Progress,2025-02-17
T03824,C0138,High,In Progress,2025-04-04
T03825,C0317,Low,Open,2025-02-13
T03826,C0279,Medium,Open,2025-02-22
T03827,C0163,High,In Progress,2025-02-20
T03828,C0494,Medium,Closed,2025-04-17
T03829,C0394,High,Open,2025-01-27
T03830,C0487,Medium,In Progress,2025-03-20
T03831,C0448,Medium,Closed,2025-02-27
T03832,C0340,Medium,Closed,2025-01-27
T03833,C0241,Low,Open,2025-03-11
T03834,C0370,High,In Progress,2025-02-07
T03835,C0143,High,Open,2025-01-15
T03836,C0280,High,Closed,2025-04-18
T03837,C0291,Low,Open,2025-03-29
T03838,C0310,Medium,Open,2025-05-12
T03839,C0142,High,Closed,2025-01-03
T03840,C0165,High,In Progress,2025-04-30
T03841,C0156,High,Open,2025-06-21
T03842,C0036,High,In Progress,2025-06-07
T03843,C0403,Medium,Open,2025-04-20
T03844,C0200,High,In Progress,2025-02-12
T03845,C0104,High,Closed,2025-01-12
T03846,C0481,Medium,Open,2025-04-05
T03847,C0485,Low,In Progress,2025-05-10
T03848,C0097,High,Closed,2025-01-09
T03849,C0196,Low,Open,2025-05-15
T03850,C0436,High,In Progress,2025-03-09
T03851,C0395,Low,Closed,2025-05-01
T03852,C0225,Medium,In Progress,2025-02-25
T03853,C0091,Medium,Open,2025-02-17
T03854,C0387,Low,Open,2025-05-30
T03855,C0137,High,Closed,2025-04-20
T03856,C0442,Low,Open,2025-01-15
T03857,C0438,High,Open,2025-03-08
T03858,C0106,Medium,Closed,2025-02-20
T03859,C0500,Medium,Closed,2025-03-01
T03860,C0283,Low,Open,2025-06-17
T03861,C0016,High,Closed,2025-03-21
T03862,C0410,Low,Open,2025-04-03
T03863,C0021,Medium,Open,2025-01-11
T03864,C0497,Medium,Closed,2025-05-18
T03865,C0392,Medium,Closed,2025-04-20
T03866,C0141,Medium,Closed,2025-04-11
T03867,C0114,Medium,In Progress,2025-06-21
T03868,C0347,High,In Progress,2025-04-14
T03869,C0433,High,Open,2025-04-05
T03870,C0285,High,Open,2025-04-07
T03871,C0492,High,Closed,2025-03-03
T03872,C0310,Medium,In Progress,2025-01-16
T03873,C0239,Low,Open,2025-06-01
T03874,C0487,Medium,Closed,2025-05-14
T03875,C0351,High,In Progress,2025-03-26
T03876,C0251,High,Open,2025-04-15
T03877,C0479,Low,In Progress,2025-01-03
T03878,C0412,High,Open,2025-04-05
T03879,C0037,Low,Closed,2025-01-05
T03880,C0164,Low,In Progress,2025-03-15
T03881,C0161,High,Open,2025-02-10
T03882,C0208,High,In Progress,2025-03-10
T03883,C0497,High,In Progress,2025-06-26
T03884,C0256,Low,In Progress,2025-01-23
T03885,C0031,High,In Progress,2025-03-22
T03886,C0008,Low,Closed,2025-05-26
T03887,C0169,Low,In Progress,2025-04-29
T03888,C0328,High,Open,2025-05-13
T03889,C0405,Medium,Open,2025-06-15
T03890,C0266,Low,In Progress,2025-06-17
T03891,C0346,High,In Progress,2025-02-16
T03892,C0371,Medium,In Progress,2025-05-22
T03893,C0322,Medium,In Progress,2025-03-12
T03894,C0119,High,Closed,2025-03-18
T03895,C0006,Medium,In Progress,2025-04-15
T03896,C0389,Low,Open,2025-01-23
T03897,C0138,Medium,Closed,2025-03-21
T03898,C0315,Low,Closed,2025-02-21
T03899,C0352,Low,In Progress,2025-03-30
T03900,C0001,Low,Open,2025-03-25
T03901,C0140,Medium,Open,2025-05-16
T03902,C0490,Low,Open,2025-02-21
T03903,C0337,High,In Progress,2025-06-23
T03904,C0261,High,Closed,2025-02-10
T03905,C0085,Low,In Progress,2025-04-11
T03906,C0075,Low,Closed,2025-04-20
T03907,C0246,Medium,Closed,2025-02-03
T03908,C0309,Medium,In Progress,2025-04-18
T03909,C0058,High,Closed,2025-03-04
T03910,C0254,Low,In Progress,2025-06-02
T03911,C0271,High,Closed,2025-04-30
T03912,C0094,High,Open,2025-01-30
T03913,C0047,High,Closed,2025-05-28
T03914,C0015,Low,In Progress,2025-06-30
T03915,C0205,High,In Progress,2025-04-25
T03916,C0197,High,Closed,2025-04-05
T03917,C0204,High,Open,2025-03-10
T03918,C0498,Low,Open,2025-04-26
T03919,C0470,Low,Open,2025-06-14
T03920,C0420,Medium,Closed,2025-02-15
T03921,C0447,Low,Open,2025-05-19
T03922,C0052,Medium,Closed,2025-03-02
T03923,C0066,Medium,In Progress,2025-04-15
T03924,C0431,Medium,Open,2025-03-24
T03925,C0131,Low,In Progress,2025-01-29
T03926,C0439,High,In Progress,2025-05-04
T03927,C0020,Medium,Open,2025-05-12
T03928,C0473,Low,Open,2025-06-30
T03929,C0092,Medium,In Progress,2025-05-30
T03930,C0266,High,Open,2025-02-07
T03931,C0146,Low,Closed,2025-03-19
T03932,C0261,High,Open,2025-02-06
T03933,C0372,Low,In Progress,2025-04-05
T03934,C0359,High,Open,2025-02-08
T03935,C0377,Medium,In Progress,2025-01-30
T03936,C0311,Medium,In Progress,2025-02-06
T03937,C0212,Medium,Closed,2025-01-26
T03938,C0119,Low,Closed,2025-04-01
T03939,C0420,Medium,Closed,2025-06-20
T03940,C0310,Low,Closed,2025-04-30
T03941,C0361,Medium,Closed,2025-01-13
T03942,C0358,High,Closed,2025-03-26
T03943,C0430,Low,Open,2025-03-24
T03944,C0048,High,Open,2025-02-28
T03945,C0391,High,In Progress,2025-02-15
T03946,C0470,Low,Open,2025-06-28
T03947,C0014,Low,In Progress,2025-06-15
T03948,C0128,Low,Open,2025-03-24
T03949,C0069,Medium,Closed,2025-01-21
T03950,C0257,Low,Open,2025-03-12
T03951,C0440,Low,Open,2025-03-23
T03952,C0422,High,Closed,2025-03-11
T03953,C0226,Low,Open,2025-01-10
T03954,C0494,High,In Progress,2025-04-25
T03955,C0270,High,Open,2025-06-16
T03956,C0449,Medium,Open,2025-02-05
T03957,C0120,Medium,Open,2025-02-22
T03958,C0483,Medium,Closed,2025-05-13
T03959,C0433,High,In Progress,2025-03-26
T03960,C0041,High,In Progress,2025-06-21
T03961,C0027,High,Open,2025-02-11
T03962,C0172,Medium,Closed,2025-05-08
T03963,C0300,Low,Closed,2025-05-09
T03964,C0499,High,In Progress,2025-03-28
T03965,C0498,Low,In Progress,2025-02-17
T03966,C0480,High,In Progress,2025-06-16
T03967,C0358,Medium,Closed,2025-03-03
T03968,C0213,Medium,Closed,2025-02-26
T03969,C0108,Medium,In Progress,2025-02-12
T03970,C0103,High,In Progress,2025-06-05
T03971,C0473,Medium,In Progress,2025-06-11
T03972,C0050,Medium,Closed,2025-04-06
T03973,C0245,High,In Progress,2025-01-27
T03974,C0180,High,Closed,2025-06-22
T03975,C0474,Low,Closed,2025-03-03
T03976,C0055,Medium,In Progress,2025-06-15
T03977,C0365,High,Closed,2025-02-16
T03978,C0340,High,In Progress,2025-05-26
T03979,C0444,Medium,Open,2025-03-23
T03980,C0106,Low,In Progress,2025-01-05
T03981,C0393,Low,Closed,2025-03-22
T03982,C0149,Medium,Open,2025-02-18
T03983,C0326,High,Closed,2025-03-17
T03984,C0007,Low,Closed,2025-04-25
T03985,C0360,High,Open,2025-03-23
T03986,C0403,High,Open,2025-05-26
T03987,C0445,High,In Progress,2025-02-02
T03988,C0471,High,In Progress,2025-01-08
T03989,C0018,Medium,In Progress,2025-03-12
T03990,C0258,High,Open,2025-01-22
T03991,C0215,Low,Closed,2025-03-27
T03992,C0342,Low,In Progress,2025-01-13
T03993,C0459,Medium,In Progress,2025-01-21
T03994,C0085,Medium,In Progress,2025-01-07
T03995,C0400,Low,Closed,2025-04-05
T03996,C0383,High,In Progress,2025-02-26
T03997,C0300,Medium,In Progress,2025-04-17
T03998,C0400,High,Open,2025-03-19
T03999,C0271,Low,Closed,2025-02-16
T04000,C0023,Low,Closed,2025-02-23
T04001,C0050,Medium,Open,2025-01-29
T04002,C0242,High,Closed,2025-04-09
T04003,C0114,Medium,Closed,2025-01-03
T04004,C0276,Medium,In Progress,2025-06-01
T04005,C0434,Low,Closed,2025-02-01
T04006,C0023,Medium,Open,2025-03-13
T04007,C0168,High,Closed,2025-04-29
T04008,C0390,Low,Open,2025-05-02
T04009,C0101,Low,Open,2025-05-30
T04010,C0447,High,Closed,2025-06-06
T04011,C0044,High,In Progress,2025-05-08
T04012,C0184,Medium,In Progress,2025-04-14
T04013,C0418,High,Closed,2025-04-20
T04014,C0159,Medium,Open,2025-02-01
T04015,C0385,Medium,Closed,2025-05-30
T04016,C0192,High,In Progress,2025-03-22
T04017,C0317,Low,Closed,2025-02-26
T04018,C0160,Low,Closed,2025-05-09
T04019,C0351,Low,Closed,2025-04-20
T04020,C0083,Low,Closed,2025-03-29
T04021,C0084,Low,Closed,2025-03-08
T04022,C0139,Medium,In Progress,2025-06-20
T04023,C0085,High,In Progress,2025-06-12
T04024,C0260,Medium,Open,2025-01-16
T04025,C0283,High,Open,2025-01-31
T04026,C0408,Medium,Closed,2025-04-29
T04027,C0466,Low,In Progress,2025-01-03
T04028,C0345,Medium,Open,2025-06-05
T04029,C0130,Medium,Closed,2025-04-28
T04030,C0497,Medium,In Progress,2025-06-22
T04031,C0092,Medium,Open,2025-05-16
T04032,C0420,High,Open,2025-02-25
T04033,C0251,Medium,Open,2025-01-18
T04034,C0429,High,Open,2025-06-23
T04035,C0018,Low,In Progress,2025-04-06
T04036,C0342,Medium,Closed,2025-06-12
T04037,C0132,High,Closed,2025-06-09
T04038,C0462,Low,Open,2025-05-07
T04039,C0353,High,In Progress,2025-01-13
T04040,C0255,Medium,Open,2025-04-03
T04041,C0228,High,Open,2025-06-25
T04042,C0350,Medium,Closed,2025-06-14
T04043,C0013,Low,Open,2025-06-03
T04044,C0148,Medium,Closed,2025-05-25
T04045,C0485,High,In Progress,2025-06-15
T04046,C0032,Low,In Progress,2025-05-15
T04047,C0314,High,Open,2025-03-21
T04048,C0036,High,Closed,2025-03-14
T04049,C0491,Medium,Open,2025-05-24
T04050,C0374,Medium,Open,2025-03-25
T04051,C0146,Medium,In Progress,2025-03-11
T04052,C0140,Low,In Progress,2025-05-17
T04053,C0103,Medium,Closed,2025-02-01
T04054,C0026,High,Open,2025-01-10
T04055,C0447,High,In Progress,2025-01-27
T04056,C0144,Low,Closed,2025-05-31
T04057,C0417,Low,In Progress,2025-06-27
T04058,C0365,Low,Open,2025-06-04
T04059,C0350,Medium,In Progress,2025-04-19
T04060,C0379,High,In Progress,2025-04-10
T04061,C0459,Medium,Open,2025-02-18
T04062,C0274,Medium,Closed,2025-02-01
T04063,C0200,Medium,In Progress,2025-06-25
T04064,C0232,Low,In Progress,2025-04-22
T04065,C0370,Medium,Closed,2025-06-24
T04066,C0355,Medium,Closed,2025-05-10
T04067,C0079,Medium,In Progress,2025-06-05
T04068,C0069,High,Open,2025-03-23
T04069,C0304,Low,In Progress,2025-06-07
T04070,C0469,High,Open,2025-01-26
T04071,C0223,Low,Open,2025-05-24
T04072,C0085,Medium,In Progress,2025-01-10
T04073,C0035,Medium,Open,2025-04-16
T04074,C0113,Low,In Progress,2025-04-15
T04075,C0431,Medium,Closed,2025-02-12
T04076,C0418,Medium,In Progress,2025-03-14
T04077,C0467,Medium,In Progress,2025-02-23
T04078,C0353,High,Closed,2025-06-18
T04079,C0001,Low,Closed,2025-03-01
T04080,C0242,High,In Progress,2025-03-20
T04081,C0207,High,Open,2025-04-10
T04082,C0417,Low,Closed,2025-02-02
T04083,C0119,High,Closed,2025-04-08
T04084,C0058,High,Open,2025-03-11
T04085,C0146,Low,Open,2025-04-19
T04086,C0181,Low,Closed,2025-01-30
T04087,C0044,Medium,Open,2025-02-26
T04088,C0432,Medium,Closed,2025-05-28
T04089,C0362,Medium,Closed,2025-01-05
T04090,C0099,Medium,In Progress,2025-06-16
T04091,C0464,Medium,In Progress,2025-02-22
T04092,C0154,High,In Progress,2025-01-25
T04093,C0156,Low,Closed,2025-04-24
T04094,C0420,Medium,Open,2025-04-24
T04095,C0205,Medium,Closed,2025-06-02
T04096,C0426,Low,Closed,2025-03-19
T04097,C0135,High,Open,2025-06-26
T04098,C0188,High,Closed,2025-02-11
T04099,C0014,Medium,In Progress,2025-02-12
T04100,C0043,Low,In Progress,2025-03-29
T04101,C0341,Medium,Closed,2025-06-11
T04102,C0195,Medium,Closed,2025-01-20
T04103,C0378,High,In Progress,2025-01-06
T04104,C0492,Low,Open,2025-01-12
T04105,C0166,Medium,Open,2025-03-26
T04106,C0189,Low,Closed,2025-06-06
T04107,C0064,Medium,In Progress,2025-03-10
T04108,C0190,High,In Progress,2025-05-19
T04109,C0149,Medium,Closed,2025-02-06
T04110,C0447,Low,Closed,2025-06-20
T04111,C0268,High,Open,2025-05-06
T04112,C0463,Low,In Progress,2025-05-31
T04113,C0278,Low,Closed,2025-04-17
T04114,C0474,Medium,Open,2025-04-04
T04115,C0078,Low,Open,2025-05-27
T04116,C0078,Medium,Open,2025-02-17
T04117,C0181,High,Closed,2025-04-21
T04118,C0080,Low,In Progress,2025-06-04
T04119,C0280,Low,Closed,2025-02-24
T04120,C0094,Low,Open,2025-02-19
T04121,C0441,High,In Progress,2025-05-23
T04122,C0051,Medium,Open,2025-04-01
T04123,C0114,Medium,Open,2025-02-23
T04124,C0057,High,In Progress,2025-03-11
T04125,C0125,Low,Open,2025-05-29
T04126,C0022,Low,In Progress,2025-02-25
T04127,C0246,Low,Open,2025-03-08
T04128,C0493,Medium,In Progress,2025-03-11
T04129,C0303,Low,In Progress,2025-05-25
T04130,C0317,High,Open,2025-02-17
T04131,C0392,High,Closed,2025-01-27
T04132,C0414,Low,In Progress,2025-06-16
T04133,C0234,Medium,Open,2025-06-01
T04134,C0314,Low,Closed,2025-04-17
T04135,C0389,Low,Closed,2025-01-23
T04136,C0412,High,Closed,2025-01-26
T04137,C0378,Low,Open,2025-01-06
T04138,C0309,Medium,In Progress,2025-02-15
T04139,C0247,Medium,In Progress,2025-01-04
T04140,C0483,Low,Open,2025-05-25
T04141,C0038,Medium,Closed,2025-03-12
T04142,C0486,High,In Progress,2025-01-01
T04143,C0494,High,Open,2025-04-19
T04144,C0454,Medium,Open,2025-06-15
T04145,C0101,High,Closed,2025-02-22
T04146,C0072,Low,In Progress,2025-03-27
T04147,C0276,Medium,In Progress,2025-02-18
T04148,C0397,Low,Open,2025-01-12
T04149,C0336,Medium,Closed,2025-04-04
T04150,C0453,Medium,Open,2025-04-23
T04151,C0050,Low,In Progress,2025-03-16
T04152,C0402,Medium,Closed,2025-01-17
T04153,C0294,Low,Open,2025-02-25
T04154,C0233,High,In Progress,2025-03-02
T04155,C0221,Low,In Progress,2025-06-29
T04156,C0455,Medium,Closed,2025-06-03
T04157,C0431,Medium,Closed,2025-02-15
T04158,C0114,Low,In Progress,2025-03-13
T04159,C0447,High,In Progress,2025-02-19
T04160,C0156,High,Closed,2025-01-01
T04161,C0386,High,Closed,2025-06-18
T04162,C0263,Medium,Closed,2025-05-28
T04163,C0413,Medium,Closed,2025-01-27
T04164,C0362,Medium,Closed,2025-04-23
T04165,C0022,Low,Closed,2025-04-30
T04166,C0235,Medium,Closed,2025-01-21
T04167,C0014,High,In Progress,2025-02-14
T04168,C0258,Medium,In Progress,2025-01-10
T04169,C0273,Medium,In Progress,2025-04-09
T04170,C0240,Low,In Progress,2025-02-03
T04171,C0208,High,In Progress,2025-02-18
T04172,C0410,Low,In Progress,2025-01-27
T04173,C0413,High,In Progress,2025-05-31
T04174,C0138,Low,In Progress,2025-01-25
T04175,C0038,High,In Progress,2025-04-08
T04176,C0233,Medium,Open,2025-01-14
T04177,C0195,Low,Open,2025-01-01
T04178,C0156,High,In Progress,2025-01-29
T04179,C0376,High,Closed,2025-05-12
T04180,C0276,Medium,Open,2025-04-16
T04181,C0250,High,Closed,2025-06-26
T04182,C0317,Low,Open,2025-05-22
T04183,C0107,Medium,Open,2025-06-28
T04184,C0092,Medium,Closed,2025-06-15
T04185,C0461,High,Closed,2025-02-03
T04186,C0461,Low,Open,2025-03-27
T04187,C0173,Medium,Closed,2025-05-05
T04188,C0488,Medium,In Progress,2025-02-11
T04189,C0467,Medium,In Progress,2025-04-07
T04190,C0164,High,Open,2025-04-27
T04191,C0042,Low,In Progress,2025-04-11
T04192,C0461,Medium,Open,2025-04-09
T04193,C0399,Medium,Open,2025-03-10
T04194,C0264,Low,In Progress,2025-03-16
T04195,C0153,Medium,Closed,2025-01-27
T04196,C0448,Medium,In Progress,2025-05-13
T04197,C0169,High,Open,2025-05-12
T04198,C0149,High,Open,2025-01-03
T04199,C0500,Medium,Closed,2025-04-19
T04200,C0174,Medium,Open,2025-02-18
T04201,C0160,Low,In Progress,2025-04-08
T04202,C0184,High,In Progress,2025-04-18
T04203,C0250,Low,Open,2025-03-05
T04204,C0370,High,In Progress,2025-03-23
T04205,C0024,High,Open,2025-01-14
T04206,C0188,Medium,Open,2025-04-23
T04207,C0270,Medium,Open,2025-01-08
T04208,C0314,High,Open,2025-05-19
T04209,C0349,Low,In Progress,2025-03-03
T04210,C0078,Medium,Open,2025-06-22
T04211,C0028,Low,Closed,2025-06-16
T04212,C0167,High,In Progress,2025-01-06
T04213,C0373,Medium,Open,2025-04-13
T04214,C0478,Low,Closed,2025-03-20
T04215,C0235,Low,Open,2025-05-30
T04216,C0301,High,Closed,2025-03-18
T04217,C0233,High,In Progress,2025-04-24
T04218,C0244,Medium,Open,2025-03-05
T04219,C0464,Low,In Progress,2025-05-16
T04220,C0279,High,Open,2025-02-13
T04221,C0364,Medium,In Progress,2025-02-05
T04222,C0315,Medium,Closed,2025-04-27
T04223,C0071,Low,Closed,2025-05-29
T04224,C0207,High,Open,2025-01-05
T04225,C0149,High,In Progress,2025-04-28
T04226,C0109,Medium,In Progress,2025-05-22
T04227,C0261,Medium,Open,2025-06-25
T04228,C0085,Medium,Open,2025-01-22
T04229,C0460,Low,Open,2025-02-11
T04230,C0471,Medium,Closed,2025-06-11
T04231,C0139,Low,In Progress,2025-03-10
T04232,C0166,High,Open,2025-04-11
T04233,C0488,Low,Open,2025-02-11
T04234,C0042,Low,Closed,2025-03-23
T04235,C0115,High,Closed,2025-05-12
T04236,C0024,High,Open,2025-03-22
T04237,C0317,Low,Open,2025-03-31
T04238,C0302,High,Closed,2025-01-24
T04239,C0194,High,Closed,2025-03-07
T04240,C0128,Medium,Closed,2025-06-22
T04241,C0196,High,In Progress,2025-03-03
T04242,C0015,High,In Progress,2025-06-25
T04243,C0289,Low,Closed,2025-06-21
T04244,C0161,High,Closed,2025-01-19
T04245,C0361,High,Closed,2025-04-02
T04246,C0099,High,Closed,2025-06-12
T04247,C0167,Medium,In Progress,2025-03-11
T04248,C0373,High,Open,2025-02-07
T04249,C0397,High,In Progress,2025-05-28
T04250,C0162,Medium,Closed,2025-01-18
T04251,C0045,Low,In Progress,2025-03-28
T04252,C0246,High,Open,2025-05-04
T04253,C0230,High,Open,2025-02-23
T04254,C0391,High,Closed,2025-04-19
T04255,C0363,Medium,In Progress,2025-01-17
T04256,C0228,Low,In Progress,2025-04-01
T04257,C0270,Medium,In Progress,2025-06-29
T04258,C0263,Low,In Progress,2025-02-08
T04259,C0050,Low,In Progress,2025-06-12
T04260,C0198,Medium,In Progress,2025-03-17
T04261,C0196,Medium,Open,2025-03-24
T04262,C0323,Low,Open,2025-03-12
T04263,C0279,Medium,Open,2025-01-14
T04264,C0241,Low,Open,2025-05-30
T04265,C0181,Low,Closed,2025-06-14
T04266,C0324,Medium,In Progress,2025-03-20
T04267,C0366,Medium,In Progress,2025-04-15
T04268,C0063,Low,Open,2025-01-30
T04269,C0418,Medium,In Progress,2025-02-18
T04270,C0420,Low,In Progress,2025-01-18
T04271,C0303,High,In Progress,2025-01-02
T04272,C0231,High,Open,2025-02-19
T04273,C0366,Medium,In Progress,2025-05-23
T04274,C0211,High,In Progress,2025-04-03
T04275,C0014,Low,Closed,2025-06-06
T04276,C0298,Medium,Open,2025-02-17
T04277,C0455,Low,Closed,2025-04-11
T04278,C0160,Medium,Open,2025-05-09
T04279,C0415,High,In Progress,2025-05-03
T04280,C0229,Medium,Open,2025-02-08
T04281,C0003,High,Open,2025-04-24
T04282,C0093,Low,In Progress,2025-06-29
T04283,C0481,High,In Progress,2025-05-09
T04284,C0026,Low,Open,2025-05-08
T04285,C0252,Low,In Progress,2025-01-26
T04286,C0240,Medium,In Progress,2025-02-14
T04287,C0171,High,In Progress,2025-05-03
T04288,C0120,Low,In Progress,2025-04-22
T04289,C0356,Medium,Closed,2025-02-04
T04290,C0047,Low,Open,2025-04-19
T04291,C0228,High,Open,2025-06-03
T04292,C0350,Medium,In Progress,2025-03-30
T04293,C0388,High,Closed,2025-03-26
T04294,C0367,Medium,Closed,2025-06-24
T04295,C0023,High,Closed,2025-03-25
T04296,C0043,Low,In Progress,2025-04-01
T04297,C0430,Low,Closed,2025-06-07
T04298,C0161,High,In Progress,2025-06-24
T04299,C0463,Medium,Open,2025-02-13
T04300,C0499,Low,In Progress,2025-05-12
T04301,C0158,Low,Closed,2025-03-05
T04302,C0093,High,Open,2025-06-26
T04303,C0371,Low,Open,2025-06-21
T04304,C0130,Medium,Open,2025-01-11
T04305,C0484,Low,Open,2025-06-23
T04306,C0377,High,In Progress,2025-06-24
T04307,C0220,Medium,Open,2025-01-08
T04308,C0182,Low,In Progress,2025-05-15
T04309,C0199,Medium,In Progress,2025-03-08
T04310,C0381,Low,Closed,2025-02-19
T04311,C0250,Low,In Progress,2025-04-09
T04312,C0114,Medium,Closed,2025-01-22
T04313,C0261,High,Open,2025-01-23
T04314,C0373,Medium,In Progress,2025-02-18
T04315,C0434,Medium,Open,2025-03-14
T04316,C0230,Low,Closed,2025-06-13
T04317,C0235,Low,In Progress,2025-02-18
T04318,C0430,Medium,Open,2025-02-15
T04319,C0482,High,In Progress,2025-02-04
T04320,C0400,High,Closed,2025-05-23
T04321,C0431,Medium,In Progress,2025-01-08
T04322,C0113,Medium,In Progress,2025-03-05
T04323,C0476,Low,In Progress,2025-06-07
T04324,C0078,Low,Open,2025-06-08
T04325,C0253,Low,Closed,2025-05-05
T04326,C0421,Medium,In Progress,2025-01-04
T04327,C0002,Low,Closed,2025-01-14
T04328,C0095,Medium,Open,2025-02-01
T04329,C0087,Medium,In Progress,2025-04-29
T04330,C0461,Low,Closed,2025-03-05
T04331,C0446,Low,Closed,2025-01-20
T04332,C0045,Low,In Progress,2025-04-26
T04333,C0313,High,In Progress,2025-01-23
T04334,C0245,High,Open,2025-03-19
T04335,C0366,High,Closed,2025-05-15
T04336,C0092,Low,In Progress,2025-02-20
T04337,C0353,Medium,Open,2025-04-30
T04338,C0135,High,Open,2025-01-02
T04339,C0383,Medium,Open,2025-04-14
T04340,C0449,High,Open,2025-02-27
T04341,C0123,Medium,Open,2025-02-19
T04342,C0227,High,In Progress,2025-05-18
T04343,C0427,Medium,Closed,2025-02-24
T04344,C0130,Low,Closed,2025-05-26
T04345,C0198,High,Closed,2025-02-11
T04346,C0180,High,In Progress,2025-01-29
T04347,C0176,High,In Progress,2025-04-30
T04348,C0247,High,Closed,2025-01-13
T04349,C0203,Low,Closed,2025-05-12
T04350,C0001,High,Closed,2025-01-20
T04351,C0204,High,In Progress,2025-01-06
T04352,C0229,High,Open,2025-05-22
T04353,C0481,Low,Open,2025-03-31
T04354,C0383,Medium,Open,2025-03-12
T04355,C0386,High,In Progress,2025-05-03
T04356,C0498,High,Closed,2025-02-11
T04357,C0032,Low,Open,2025-01-03
T04358,C0143,High,Open,2025-02-14
T04359,C0398,High,Closed,2025-02-06
T04360,C0499,Medium,In Progress,2025-03-20
T04361,C0444,Low,Open,2025-05-25
T04362,C0111,Medium,Closed,2025-04-27
T04363,C0358,High,In Progress,2025-05-05
T04364,C0242,High,In Progress,2025-01-06
T04365,C0228,Medium,In Progress,2025-04-03
T04366,C0266,Medium,In Progress,2025-02-02
T04367,C0077,Medium,In Progress,2025-01-28
T04368,C0224,Medium,Open,2025-02-23
T04369,C0345,Low,Closed,2025-03-09
T04370,C0344,Low,In Progress,2025-04-06
T04371,C0229,Low,Open,2025-06-07
T04372,C0125,Medium,In Progress,2025-04-24
T04373,C0227,Low,Open,2025-02-28
T04374,C0139,Medium,Closed,2025-03-25
T04375,C0387,High,In Progress,2025-05-02
T04376,C0173,Low,In Progress,2025-04-05
T04377,C0023,High,In Progress,2025-04-08
T04378,C0103,Low,Closed,2025-03-14
T04379,C0028,Low,Open,2025-03-24
T04380,C0417,Low,In Progress,2025-05-27
T04381,C0267,Low,Closed,2025-06-15
T04382,C0338,High,Open,2025-05-28
T04383,C0406,Low,Open,2025-06-08
T04384,C0136,Medium,Closed,2025-01-02
T04385,C0208,Low,In Progress,2025-02-14
T04386,C0280,High,Open,2025-03-25
T04387,C0074,High,Closed,2025-06-07
T04388,C0215,Low,Open,2025-02-17
T04389,C0484,High,In Progress,2025-05-24
T04390,C0399,Low,Open,2025-01-18
T04391,C0055,High,In Progress,2025-01-18
T04392,C0041,Low,Open,2025-02-04
T04393,C0186,Medium,Open,2025-05-31
T04394,C0382,Medium,Closed,2025-01-22
T04395,C0031,Medium,In Progress,2025-05-31
T04396,C0237,High,In Progress,2025-02-05
T04397,C0265,Low,Open,2025-01-31
T04398,C0332,Low,In Progress,2025-04-08
T04399,C0089,Low,Open,2025-02-12
T04400,C0207,High,Closed,2025-05-10
T04401,C0100,Low,In Progress,2025-01-17
T04402,C0323,Low,In Progress,2025-01-18
T04403,C0325,High,Open,2025-03-29
T04404,C0260,Medium,In Progress,2025-06-11
T04405,C0080,Low,Closed,2025-01-21
T04406,C0153,High,In Progress,2025-02-18
T04407,C0117,Medium,Open,2025-02-25
T04408,C0348,High,In Progress,2025-06-28
T04409,C0325,Low,Open,2025-06-08
T04410,C0239,Medium,Open,2025-02-09
T04411,C0215,High,Closed,2025-05-09
T04412,C0141,High,Closed,2025-03-19
T04413,C0166,Low,In Progress,2025-02-17
T04414,C0470,High,Closed,2025-02-28
T04415,C0313,High,In Progress,2025-03-08
T04416,C0310,Medium,Closed,2025-05-30
T04417,C0308,High,Open,2025-05-13
T04418,C0248,Low,In Progress,2025-02-10
T04419,C0201,High,In Progress,2025-01-18
T04420,C0230,High,Open,2025-05-19
T04421,C0134,Low,In Progress,2025-02-19
T04422,C0280,Medium,In Progress,2025-06-27
T04423,C0186,Low,Closed,2025-03-04
T04424,C0150,Medium,In Progress,2025-01-31
T04425,C0043,Medium,Closed,2025-02-14
T04426,C0414,High,Closed,2025-03-07
T04427,C0304,Medium,Open,2025-01-29
T04428,C0358,Medium,Open,2025-03-04
T04429,C0173,Medium,Closed,2025-03-26
T04430,C0272,Low,Closed,2025-03-08
T04431,C0110,High,In Progress,2025-02-17
T04432,C0432,Low,Closed,2025-01-25
T04433,C0266,High,In Progress,2025-05-13
T04434,C0194,High,Closed,2025-05-14
T04435,C0151,Low,In Progress,2025-02-10
T04436,C0360,Medium,In Progress,2025-04-01
T04437,C0156,Medium,In Progress,2025-04-18
T04438,C0231,Low,Closed,2025-03-07
T04439,C0319,Medium,Closed,2025-03-10
T04440,C0463,Medium,Open,2025-02-18
T04441,C0138,Medium,In Progress,2025-02-17
T04442,C0164,Medium,Closed,2025-06-16
T04443,C0146,High,Closed,2025-06-27
T04444,C0021,High,In Progress,2025-02-27
T04445,C0274,High,In Progress,2025-03-18
T04446,C0100,Low,Closed,2025-06-04
T04447,C0163,Low,In Progress,2025-04-04
T04448,C0393,Medium,Open,2025-04-20
T04449,C0344,High,In Progress,2025-06-19
T04450,C0490,High,In Progress,2025-02-16
T04451,C0455,High,Closed,2025-01-16
T04452,C0125,High,Closed,2025-02-10
T04453,C0315,Medium,In Progress,2025-01-20
T04454,C0248,Low,Closed,2025-01-09
T04455,C0218,High,In Progress,2025-06-11
T04456,C0031,Low,In Progress,2025-05-10
T04457,C0149,Medium,Open,2025-03-13
T04458,C0011,Medium,Open,2025-02-16
T04459,C0305,Low,Closed,2025-01-14
T04460,C0159,Medium,Closed,2025-01-19
T04461,C0352,High,In Progress,2025-06-17
T04462,C0019,High,Closed,2025-06-29
T04463,C0397,High,In Progress,2025-03-16
T04464,C0105,Medium,In Progress,2025-06-30
T04465,C0346,Medium,Open,2025-06-16
T04466,C0324,Low,In Progress,2025-04-16
T04467,C0042,High,Open,2025-05-19
T04468,C0387,High,Open,2025-06-27
T04469,C0446,Low,Closed,2025-03-10
T04470,C0481,High,Closed,2025-03-27
T04471,C0479,Medium,In Progress,2025-01-24
T04472,C0041,High,Open,2025-02-22
T04473,C0500,Low,Open,2025-05-21
T04474,C0483,High,Closed,2025-04-13
T04475,C0391,Medium,Open,2025-05-08
T04476,C0375,High,In Progress,2025-05-09
T04477,C0262,Medium,Open,2025-03-01
T04478,C0219,Medium,Closed,2025-05-02
T04479,C0342,High,Closed,2025-06-25
T04480,C0337,High,Closed,2025-06-03
T04481,C0058,Medium,Open,2025-01-23
T04482,C0328,Low,In Progress,2025-05-14
T04483,C0373,Low,Open,2025-06-21
T04484,C0306,High,In Progress,2025-03-09
T04485,C0238,Low,In Progress,2025-05-28
T04486,C0251,High,In Progress,2025-04-13
T04487,C0085,Medium,Open,2025-01-29
T04488,C0180,High,Open,2025-03-29
T04489,C0370,Medium,Closed,2025-01-31
T04490,C0058,Medium,Closed,2025-01-18
T04491,C0461,Medium,In Progress,2025-03-23
T04492,C0264,High,Closed,2025-04-16
T04493,C0461,Medium,In Progress,2025-06-04
T04494,C0036,High,Open,2025-06-07
T04495,C0397,Medium,Closed,2025-06-01
T04496,C0004,Low,In Progress,2025-02-27
T04497,C0137,High,Closed,2025-01-13
T04498,C0305,Medium,Open,2025-05-08
T04499,C0326,High,Closed,2025-06-02
T04500,C0238,Low,In Progress,2025-01-11
T04501,C0482,High,In Progress,2025-05-27
T04502,C0048,Low,Open,2025-05-05
T04503,C0015,Low,Closed,2025-04-04
T04504,C0340,Medium,In Progress,2025-04-30
T04505,C0132,Medium,In Progress,2025-01-28
T04506,C0021,High,In Progress,2025-03-07
T04507,C0401,Medium,Open,2025-05-26
T04508,C0240,Medium,Open,2025-01-02
T04509,C0144,High,In Progress,2025-02-19
T04510,C0404,Low,Closed,2025-01-08
T04511,C0069,High,Open,2025-02-12
T04512,C0380,Low,In Progress,2025-01-13
T04513,C0264,High,Closed,2025-03-20
T04514,C0474,Low,Open,2025-02-24
T04515,C0304,Medium,Open,2025-02-01
T04516,C0347,Low,Open,2025-02-23
T04517,C0083,High,In Progress,2025-03-28
T04518,C0152,Medium,Open,2025-03-13
T04519,C0384,Medium,Open,2025-03-03
T04520,C0195,High,Closed,2025-03-31
T04521,C0400,Low,Open,2025-02-02
T04522,C0022,Low,Closed,2025-03-10
T04523,C0202,High,Open,2025-03-23
T04524,C0193,Low,Closed,2025-02-09
T04525,C0198,Low,Closed,2025-05-22
T04526,C0190,Low,Closed,2025-04-07
T04527,C0331,Medium,In Progress,2025-05-29
T04528,C0460,Medium,In Progress,2025-01-18
T04529,C0372,High,In Progress,2025-02-20
T04530,C0468,Low,Open,2025-06-05
T04531,C0023,High,Open,2025-05-05
T04532,C0328,Low,Open,2025-06-17
T04533,C0374,High,In Progress,2025-04-19
T04534,C0368,High,In Progress,2025-01-04
T04535,C0126,High,Closed,2025-05-13
T04536,C0076,Low,In Progress,2025-03-31
T04537,C0064,Low,In Progress,2025-06-08
T04538,C0093,Low,Open,2025-01-07
T04539,C0106,High,Open,2025-01-04
T04540,C0305,Low,Open,2025-03-21
T04541,C0059,Medium,Open,2025-01-29
T04542,C0281,High,Closed,2025-05-06
T04543,C0382,Low,Open,2025-05-12
T04544,C0057,Low,Closed,2025-02-09
T04545,C0177,Medium,In Progress,2025-05-13
T04546,C0118,Medium,In Progress,2025-06-21
T04547,C0270,Medium,Open,2025-04-01
T04548,C0298,High,In Progress,2025-01-14
T04549,C0187,High,Open,2025-01-29
T04550,C0119,High,In Progress,2025-06-15
T04551,C0156,Low,Open,2025-01-22
T04552,C0051,Medium,Open,2025-06-29
T04553,C0320,Low,In Progress,2025-06-02
T04554,C0388,Medium,In Progress,2025-03-21
T04555,C0271,High,Open,2025-01-20
T04556,C0132,Medium,Closed,2025-01-30
T04557,C0460,Low,Closed,2025-04-11
T04558,C0318,Low,In Progress,2025-03-31
T04559,C0040,Low,In Progress,2025-06-15
T04560,C0030,Medium,In Progress,2025-02-16
T04561,C0455,Low,Closed,2025-03-20
T04562,C0025,Medium,Closed,2025-06-25
T04563,C0466,High,In Progress,2025-03-11
T04564,C0086,High,Closed,2025-04-25
T04565,C0304,Low,In Progress,2025-03-05
T04566,C0471,Low,Open,2025-03-02
T04567,C0496,High,In Progress,2025-06-19
T04568,C0455,Low,Closed,2025-02-22
T04569,C0360,High,Closed,2025-01-09
T04570,C0214,Medium,Closed,2025-06-17
T04571,C0337,High,In Progress,2025-01-23
T04572,C0130,Medium,In Progress,2025-05-26
T04573,C0339,High,In Progress,2025-02-03
T04574,C0118,Low,Closed,2025-05-11
T04575,C0287,High,Open,2025-05-03
T04576,C0331,High,Closed,2025-04-11
T04577,C0205,Medium,Open,2025-01-17
T04578,C0044,Low,Open,2025-04-27
T04579,C0328,Low,Closed,2025-02-07
T04580,C0107,Medium,Open,2025-01-08
T04581,C0379,High,In Progress,2025-01-15
T04582,C0251,Medium,In Progress,2025-03-28
T04583,C0196,High,In Progress,2025-04-15
T04584,C0108,High,In Progress,2025-06-12
T04585,C0357,High,Open,2025-02-02
T04586,C0038,Medium,Open,2025-03-24
T04587,C0166,Low,Closed,2025-02-19
T04588,C0083,Low,Open,2025-05-25
T04589,C0337,Medium,In Progress,2025-01-22
T04590,C0007,Medium,Closed,2025-02-05
T04591,C0084,Medium,In Progress,2025-03-25
T04592,C0299,Medium,In Progress,2025-04-27
T04593,C0365,Low,In Progress,2025-06-08
T04594,C0187,Medium,In Progress,2025-05-19
T04595,C0185,High,In Progress,2025-01-15
T04596,C0079,High,In Progress,2025-01-03
T04597,C0330,High,In Progress,2025-05-02
T04598,C0140,High,Closed,2025-05-22
T04599,C0168,High,Open,2025-01-18
T04600,C0441,Medium,Open,2025-04-04
T04601,C0012,Medium,In Progress,2025-01-13
T04602,C0342,Low,In Progress,2025-06-19
T04603,C0375,Low,Open,2025-03-07
T04604,C0413,High,In Progress,2025-02-14
T04605,C0388,Medium,Open,2025-05-09
T04606,C0365,High,Open,2025-04-11
T04607,C0466,Medium,Open,2025-03-03
T04608,C0424,Medium,Open,2025-04-23
T04609,C0391,Low,In Progress,2025-06-24
T04610,C0388,Medium,Closed,2025-05-19
T04611,C0279,High,Open,2025-01-02
T04612,C0150,Low,Closed,2025-03-04
T04613,C0373,Low,In Progress,2025-04-04
T04614,C0376,High,In Progress,2025-03-05
T04615,C0291,Medium,Open,2025-04-29
T04616,C0432,Medium,Open,2025-02-19
T04617,C0149,Medium,Closed,2025-01-30
T04618,C0240,Low,Closed,2025-04-02
T04619,C0190,High,In Progress,2025-01-09
T04620,C0468,Medium,In Progress,2025-05-16
T04621,C0035,High,In Progress,2025-04-28
T04622,C0440,Medium,Closed,2025-06-22
T04623,C0232,High,In Progress,2025-03-27
T04624,C0335,Medium,Closed,2025-01-01
T04625,C0236,Low,In Progress,2025-03-05
T04626,C0400,Low,Open,2025-05-14
T04627,C0107,High,Closed,2025-02-27
T04628,C0121,Low,In Progress,2025-04-30
T04629,C0271,High,Closed,2025-06-13
T04630,C0144,High,Closed,2025-02-07
T04631,C0240,Medium,Open,2025-05-02
T04632,C0302,Medium,Closed,2025-04-26
T04633,C0266,Medium,In Progress,2025-05-21
T04634,C0268,Medium,Open,2025-04-09
T04635,C0348,Medium,Closed,2025-06-24
T04636,C0197,Low,In Progress,2025-02-27
T04637,C0374,Medium,In Progress,2025-03-19
T04638,C0296,Medium,Closed,2025-05-07
T04639,C0276,Low,Open,2025-04-21
T04640,C0002,Medium,In Progress,2025-06-27
T04641,C0258,Medium,In Progress,2025-04-01
T04642,C0060,Low,In Progress,2025-01-08
T04643,C0296,High,In Progress,2025-06-08
T04644,C0396,Medium,Open,2025-06-12
T04645,C0388,High,Closed,2025-01-27
T04646,C0466,Low,Closed,2025-03-11
T04647,C0433,High,Open,2025-02-11
T04648,C0008,High,Open,2025-04-26
T04649,C0349,Medium,Open,2025-05-08
T04650,C0262,High,In Progress,2025-01-22
T04651,C0178,High,Closed,2025-02-24
T04652,C0349,High,Closed,2025-03-21
T04653,C0139,High,Open,2025-03-18
T04654,C0406,High,Open,2025-04-04
T04655,C0413,Low,Open,2025-02-07
T04656,C0384,High,In Progress,2025-05-22
T04657,C0346,Medium,Closed,2025-05-31
T04658,C0131,Medium,Closed,2025-03-28
T04659,C0341,High,Closed,2025-04-13
T04660,C0461,Medium,In Progress,2025-01-17
T04661,C0171,High,Open,2025-05-11
T04662,C0315,Low,Closed,2025-03-20
T04663,C0333,Medium,Closed,2025-03-15
T04664,C0325,Medium,In Progress,2025-04-26
T04665,C0066,High,In Progress,2025-04-29
T04666,C0297,High,In Progress,2025-01-22
T04667,C0483,Low,Closed,2025-01-21
T04668,C0412,High,Closed,2025-02-04
T04669,C0211,Low,In Progress,2025-04-29
T04670,C0490,Medium,Open,2025-02-27
T04671,C0283,High,In Progress,2025-03-08
T04672,C0429,High,Open,2025-04-18
T04673,C0351,High,Open,2025-01-26
T04674,C0360,High,Closed,2025-06-18
T04675,C0155,High,Open,2025-06-04
T04676,C0248,Low,Open,2025-04-07
T04677,C0236,Medium,In Progress,2025-04-09
T04678,C0185,High,In Progress,2025-04-10
T04679,C0112,Low,Closed,2025-02-06
T04680,C0035,Medium,In Progress,2025-03-17
T04681,C0480,Low,Closed,2025-03-19
T04682,C0021,Medium,Open,2025-03-20
T04683,C0133,Medium,Closed,2025-05-08
T04684,C0356,Low,Open,2025-04-04
T04685,C0082,High,In Progress,2025-01-03
T04686,C0267,High,Closed,2025-06-06
T04687,C0270,Medium,Open,2025-05-13
T04688,C0350,Medium,Open,2025-04-06
T04689,C0256,Low,In Progress,2025-06-27
T04690,C0209,Low,Open,2025-03-15
T04691,C0056,Medium,Open,2025-02-27
T04692,C0315,Medium,Closed,2025-01-23
T04693,C0069,Medium,Closed,2025-04-18
T04694,C0454,High,Open,2025-01-21
T04695,C0257,Low,Open,2025-01-04
T04696,C0230,Low,Open,2025-04-18
T04697,C0468,Low,Open,2025-03-17
T04698,C0127,Medium,Open,2025-04-08
T04699,C0228,Low,In Progress,2025-05-06
T04700,C0195,Low,Open,2025-06-02
T04701,C0291,High,Closed,2025-05-05
T04702,C0300,Low,In Progress,2025-05-02
T04703,C0142,Low,In Progress,2025-02-06
T04704,C0004,High,In Progress,2025-05-27
T04705,C0085,Medium,Closed,2025-01-10
T04706,C0216,High,Open,2025-03-29
T04707,C0007,Low,In Progress,2025-05-15
T04708,C0264,Medium,In Progress,2025-05-23
T04709,C0452,Low,Open,2025-01-19
T04710,C0440,Low,In Progress,2025-02-20
T04711,C0344,High,Open,2025-03-15
T04712,C0247,Medium,Open,2025-02-02
T04713,C0065,Low,In Progress,2025-01-11
T04714,C0190,Medium,In Progress,2025-06-07
T04715,C0250,Low,In Progress,2025-03-30
T04716,C0381,Low,Open,2025-03-03
T04717,C0377,Low,In Progress,2025-05-19
T04718,C0219,High,Closed,2025-05-16
T04719,C0215,High,Open,2025-04-05
T04720,C0117,High,In Progress,2025-06-14
T04721,C0089,High,In Progress,2025-06-16
T04722,C0317,Low,In Progress,2025-01-08
T04723,C0481,Medium,Open,2025-06-14
T04724,C0139,Medium,Open,2025-06-15
T04725,C0098,High,Closed,2025-05-14
T04726,C0346,High,Open,2025-01-23
T04727,C0172,High,Open,2025-06-20
T04728,C0335,High,Closed,2025-03-11
T04729,C0370,Low,Open,2025-01-22
T04730,C0063,Low,In Progress,2025-04-17
T04731,C0078,High,Closed,2025-06-26
T04732,C0301,Medium,Closed,2025-06-26
T04733,C0406,High,In Progress,2025-03-27
T04734,C0402,High,In Progress,2025-03-10
T04735,C0426,High,Open,2025-04-05
T04736,C0186,Low,Open,2025-03-04
T04737,C0427,Medium,In Progress,2025-05-14
T04738,C0496,Low,Closed,2025-02-16
T04739,C0449,Medium,In Progress,2025-05-16
T04740,C0195,Medium,Open,2025-05-09
T04741,C0498,Low,In Progress,2025-02-02
T04742,C0233,Low,Closed,2025-03-05
T04743,C0204,Low,Open,2025-05-02
T04744,C0391,High,In Progress,2025-05-05
T04745,C0447,Medium,In Progress,2025-05-27
T04746,C0316,Medium,In Progress,2025-02-03
T04747,C0221,High,In Progress,2025-03-19
T04748,C0356,High,In Progress,2025-04-06
T04749,C0055,High,Closed,2025-01-13
T04750,C0348,Medium,In Progress,2025-03-28
T04751,C0308,Low,Open,2025-02-18
T04752,C0016,Low,In Progress,2025-01-30
T04753,C0255,Medium,Open,2025-06-09
T04754,C0052,Medium,Open,2025-04-03
T04755,C0251,Low,Closed,2025-03-09
T04756,C0010,Medium,Open,2025-03-24
T04757,C0121,Medium,Closed,2025-03-06
T04758,C0208,Low,In Progress,2025-03-21
T04759,C0062,High,Closed,2025-05-02
T04760,C0141,Low,Open,2025-03-07
T04761,C0356,Medium,Closed,2025-01-01
T04762,C0192,Medium,In Progress,2025-03-08
T04763,C0216,Low,In Progress,2025-06-08
T04764,C0174,Medium,In Progress,2025-02-06
T04765,C0098,Medium,Open,2025-05-03
T04766,C0385,High,In Progress,2025-06-22
T04767,C0379,High,Closed,2025-01-14
T04768,C0337,High,Open,2025-05-28
T04769,C0091,Low,Closed,2025-02-23
T04770,C0169,Low,Closed,2025-06-25
T04771,C0468,Medium,Open,2025-01-29
T04772,C0082,High,Closed,2025-05-18
T04773,C0328,High,In Progress,2025-03-05
T04774,C0291,Medium,In Progress,2025-01-09
T04775,C0185,Medium,Closed,2025-05-05
T04776,C0284,High,Open,2025-05-07
T04777,C0274,Medium,Open,2025-01-02
T04778,C0311,High,In Progress,2025-01-11
T04779,C0147,High,In Progress,2025-03-07
T04780,C0299,Medium,Open,2025-01-15
T04781,C0389,High,Open,2025-04-26
T04782,C0272,High,Open,2025-04-09
T04783,C0167,Low,Closed,2025-06-22
T04784,C0183,Medium,Open,2025-05-29
T04785,C0430,High,In Progress,2025-06-26
T04786,C0069,Medium,In Progress,2025-01-08
T04787,C0313,Medium,Closed,2025-03-10
T04788,C0332,High,Closed,2025-06-30
T04789,C0250,Low,Closed,2025-01-19
T04790,C0294,Low,Open,2025-04-08
T04791,C0155,High,Open,2025-04-26
T04792,C0106,Low,Open,2025-04-30
T04793,C0183,Medium,In Progress,2025-01-18
T04794,C0005,Medium,Closed,2025-05-23
T04795,C0216,High,In Progress,2025-06-25
T04796,C0095,Medium,In Progress,2025-02-15
T04797,C0246,High,Open,2025-02-14
T04798,C0332,Low,In Progress,2025-01-05
T04799,C0032,Medium,In Progress,2025-06-25
T04800,C0346,High,Open,2025-02-18
T04801,C0228,Low,Closed,2025-01-11
T04802,C0450,Low,In Progress,2025-04-15
T04803,C0434,High,Open,2025-05-12
T04804,C0004,High,In Progress,2025-05-15
T04805,C0135,Low,Open,2025-02-23
T04806,C0129,Medium,Open,2025-02-10
T04807,C0183,Medium,In Progress,2025-06-30
T04808,C0477,High,Open,2025-03-30
T04809,C0071,High,Open,2025-02-13
T04810,C0401,Medium,Closed,2025-04-04
T04811,C0305,High,Closed,2025-02-28
T04812,C0157,Low,Closed,2025-03-21
T04813,C0189,Low,Open,2025-01-11
T04814,C0352,Medium,Open,2025-05-21
T04815,C0478,Medium,Open,2025-06-03
T04816,C0280,Low,In Progress,2025-03-28
T04817,C0305,High,Open,2025-02-16
T04818,C0231,Medium,Closed,2025-03-29
T04819,C0044,High,In Progress,2025-06-13
T04820,C0485,Medium,Open,2025-02-18
T04821,C0483,High,Open,2025-02-15
T04822,C0268,High,Closed,2025-02-01
T04823,C0413,Low,Open,2025-01-19
T04824,C0303,Low,In Progress,2025-01-02
T04825,C0267,Low,Closed,2025-03-11
T04826,C0044,Medium,In Progress,2025-04-22
T04827,C0470,High,Closed,2025-02-06
T04828,C0260,High,In Progress,2025-02-08
T04829,C0046,Low,In Progress,2025-02-23
T04830,C0333,Medium,Open,2025-03-27
T04831,C0271,High,In Progress,2025-02-16
T04832,C0416,Low,In Progress,2025-01-03
T04833,C0406,High,Open,2025-04-26
T04834,C0278,Medium,Open,2025-02-07
T04835,C0229,High,Open,2025-03-05
T04836,C0233,High,In Progress,2025-05-21
T04837,C0163,Low,Open,2025-04-04
T04838,C0060,Low,Open,2025-06-07
T04839,C0289,Medium,Open,2025-03-19
T04840,C0252,High,Closed,2025-04-14
T04841,C0096,Low,In Progress,2025-01-30
T04842,C0012,Medium,Closed,2025-04-28
T04843,C0303,Low,Open,2025-06-02
T04844,C0097,Medium,Closed,2025-03-29
T04845,C0196,Low,In Progress,2025-05-26
T04846,C0260,Low,In Progress,2025-05-16
T04847,C0019,Medium,In Progress,2025-05-25
T04848,C0147,Medium,In Progress,2025-05-28
T04849,C0290,High,Closed,2025-03-04
T04850,C0471,Medium,Open,2025-02-21
T04851,C0065,Medium,Open,2025-05-23
T04852,C0064,Low,Closed,2025-02-11
T04853,C0229,Medium,In Progress,2025-04-05
T04854,C0117,Low,Open,2025-01-30
T04855,C0488,Low,Closed,2025-01-31
T04856,C0387,High,In Progress,2025-06-01
T04857,C0095,Medium,Closed,2025-05-11
T04858,C0034,Low,Open,2025-06-28
T04859,C0491,Medium,In Progress,2025-05-30
T04860,C0240,Low,Closed,2025-04-23
T04861,C0387,Medium,In Progress,2025-01-03
T04862,C0304,Medium,Closed,2025-05-03
T04863,C0315,High,In Progress,2025-04-03
T04864,C0061,Low,Closed,2025-01-15
T04865,C0378,Medium,Closed,2025-04-28
T04866,C0286,Medium,Open,2025-01-30
T04867,C0026,Low,Open,2025-02-20
T04868,C0345,High,Closed,2025-02-16
T04869,C0176,Medium,Closed,2025-03-13
T04870,C0496,High,Closed,2025-03-06
T04871,C0228,Medium,In Progress,2025-02-14
T04872,C0201,Low,In Progress,2025-01-21
T04873,C0454,High,In Progress,2025-04-06
T04874,C0434,Medium,In Progress,2025-01-10
T04875,C0081,Low,In Progress,2025-01-21
T04876,C0185,Low,Open,2025-01-27
T04877,C0302,High,In Progress,2025-01-05
T04878,C0388,Medium,Open,2025-03-11
T04879,C0006,High,Closed,2025-01-31
T04880,C0241,High,In Progress,2025-05-23
T04881,C0275,Medium,Closed,2025-05-20
T04882,C0186,Low,In Progress,2025-04-18
T04883,C0432,Medium,Open,2025-02-09
T04884,C0146,Medium,Open,2025-06-10
T04885,C0428,Low,Open,2025-04-07
T04886,C0008,High,In Progress,2025-06-14
T04887,C0388,High,Closed,2025-02-16
T04888,C0119,High,In Progress,2025-03-25
T04889,C0317,Medium,In Progress,2025-06-09
T04890,C0363,Medium,Open,2025-06-29
T04891,C0109,Medium,Closed,2025-03-01
T04892,C0339,Medium,Open,2025-04-12
T04893,C0306,High,Open,2025-06-13
T04894,C0410,High,In Progress,2025-02-01
T04895,C0283,Medium,In Progress,2025-06-25
T04896,C0388,Low,Closed,2025-02-02
T04897,C0105,Medium,Closed,2025-06-21
T04898,C0222,High,Open,2025-01-09
T04899,C0345,Low,In Progress,2025-03-24
T04900,C0139,Medium,In Progress,2025-01-24
T04901,C0134,Low,In Progress,2025-03-10
T04902,C0403,Low,Open,2025-01-14
T04903,C0152,High,In Progress,2025-01-30
T04904,C0038,Low,Open,2025-03-18
T04905,C0299,Medium,In Progress,2025-01-18
T04906,C0215,Medium,Closed,2025-05-25
T04907,C0167,Medium,Closed,2025-01-23
T04908,C0047,High,In Progress,2025-05-13
T04909,C0278,Medium,Closed,2025-05-15
T04910,C0263,Medium,In Progress,2025-05-29
T04911,C0061,Medium,Open,2025-01-30
T04912,C0339,Medium,In Progress,2025-03-23
T04913,C0302,Low,In Progress,2025-03-21
T04914,C0085,Medium,Closed,2025-06-21
T04915,C0117,Low,In Progress,2025-06-19
T04916,C0008,Medium,In Progress,2025-02-07
T04917,C0236,High,Closed,2025-05-11
T04918,C0442,Low,In Progress,2025-04-16
T04919,C0333,Medium,Closed,2025-01-05
T04920,C0258,Low,Open,2025-05-28
T04921,C0314,Medium,Open,2025-05-29
T04922,C0259,Low,Closed,2025-05-19
T04923,C0139,Medium,In Progress,2025-03-23
T04924,C0500,Medium,Open,2025-04-21
T04925,C0433,Low,Closed,2025-03-04
T04926,C0221,High,In Progress,2025-05-21
T04927,C0277,High,In Progress,2025-05-09
T04928,C0210,Low,Open,2025-04-01
T04929,C0082,High,Closed,2025-02-15
T04930,C0192,Medium,In Progress,2025-05-25
T04931,C0275,Low,Open,2025-01-25
T04932,C0107,Medium,Closed,2025-03-16
T04933,C0042,Low,Open,2025-06-07
T04934,C0290,High,Open,2025-06-22
T04935,C0203,High,Open,2025-02-01
T04936,C0002,High,In Progress,2025-06-24
T04937,C0087,High,Open,2025-04-04
T04938,C0027,Low,Closed,2025-04-20
T04939,C0487,High,In Progress,2025-05-14
T04940,C0167,Low,Closed,2025-02-17
T04941,C0154,Low,Closed,2025-04-29
T04942,C0160,Medium,Closed,2025-04-23
T04943,C0267,Medium,Open,2025-01-16
T04944,C0465,High,Open,2025-03-24
T04945,C0485,Low,Closed,2025-04-10
T04946,C0192,Low,In Progress,2025-06-01
T04947,C0195,Medium,Closed,2025-03-15
T04948,C0066,Medium,Open,2025-01-23
T04949,C0390,Medium,Open,2025-03-23
T04950,C0310,Medium,Closed,2025-04-06
T04951,C0023,High,Open,2025-05-19
T04952,C0418,High,Closed,2025-05-27
T04953,C0224,Medium,In Progress,2025-05-14
T04954,C0334,High,In Progress,2025-01-16
T04955,C0433,Low,In Progress,2025-06-17
T04956,C0118,High,In Progress,2025-05-14
T04957,C0220,High,Closed,2025-06-15
T04958,C0339,High,Open,2025-05-19
T04959,C0336,High,Closed,2025-06-14
T04960,C0097,High,Closed,2025-06-10
T04961,C0118,Medium,Open,2025-01-17
T04962,C0261,Medium,Open,2025-01-08
T04963,C0287,Medium,Closed,2025-01-05
T04964,C0340,High,Closed,2025-05-29
T04965,C0376,High,Closed,2025-03-06
T04966,C0374,Low,In Progress,2025-05-09
T04967,C0141,Medium,In Progress,2025-01-21
T04968,C0089,Low,Closed,2025-03-16
T04969,C0494,Medium,Open,2025-06-29
T04970,C0101,High,In Progress,2025-04-01
T04971,C0492,Medium,Open,2025-04-20
T04972,C0295,Low,In Progress,2025-04-14
T04973,C0029,High,In Progress,2025-06-10
T04974,C0115,Medium,Closed,2025-02-11
T04975,C0187,High,Closed,2025-06-19
T04976,C0453,High,In Progress,2025-03-24
T04977,C0227,Medium,Open,2025-02-24
T04978,C0368,High,Open,2025-03-01
T04979,C0147,Medium,In Progress,2025-06-27
T04980,C0104,High,In Progress,2025-03-13
T04981,C0341,High,Closed,2025-06-28
T04982,C0147,Medium,In Progress,2025-01-19
T04983,C0119,High,In Progress,2025-01-10
T04984,C0446,Low,Closed,2025-04-14
T04985,C0392,High,In Progress,2025-06-27
T04986,C0005,Medium,Closed,2025-03-28
T04987,C0389,High,Open,2025-02-28
T04988,C0388,Medium,Closed,2025-05-08
T04989,C0412,High,Open,2025-06-28
T04990,C0263,Medium,Open,2025-03-19
T04991,C0375,Low,Open,2025-04-07
T04992,C0215,Medium,Closed,2025-03-27
T04993,C0450,Low,In Progress,2025-04-19
T04994,C0003,High,Closed,2025-05-22
T04995,C0248,Medium,Closed,2025-03-20
T04996,C0356,Medium,In Progress,2025-04-27
T04997,C0368,High,Closed,2025-06-25
T04998,C0388,Low,Closed,2025-01-31
T04999,C0096,Medium,Closed,2025-04-16
T05000,C0108,Medium,Open,2025-02-15
